place,name,blkgrps,population,households,land_acres,ht_ami,ht_80ami,ht_nmi,h_ami,h_80ami,h_nmi,t_ami,t_80ami,t_nmi,co2_per_hh_local,co2_per_acre_local,autos_per_hh_ami,autos_per_hh_80ami,autos_per_hh_nmi,vmt_per_hh_ami,vmt_per_hh_80ami,vmt_per_hh_nmi,pct_transit_commuters_ami,pct_transit_commuters_80ami,pct_transit_commuters_nmi,t_cost_ami,t_cost_80ami,t_cost_nmi,auto_ownership_cost_ami,auto_ownership_cost_80ami,auto_ownership_cost_nmi,vmt_cost_ami,vmt_cost_80ami,vmt_cost_nmi,transit_cost_ami,transit_cost_80ami,transit_cost_nmi,transit_trips_ami,transit_trips_80ami,transit_trips_nmi,compact_ndx,emp_ovrll_ndx,res_density,gross_hh_density,hh_gravity,frac_sfd,emp_gravity,emp_ndx,block_size,intersection_density,avg_block_perimeter_meters,h_cost,median_smoc,median_gross_rent,pct_owner_occupied_hu,pct_renter_occupied_hu
"""4900540""","""Alpine""",6.99,9058.41,2451.53,4797.56,68,81,74,42,52,48,26,29,26,11.54,10.42,2.17,2,2,27595,24891,24368,0,0,0,16400,14358,14257,12377,10731,10706,4023,3627,3551,0,0,0,0,0,0,2.1,2.1,0.80,0.51,6763,86,7007,87,21,66,1503,2157,2283,592,78,22
"""4900650""","""Alta""",0.19,203.62,59.51,2897.96,80,96,89,54,67,62,26,29,27,11.06,0.23,2.17,2,2,27021,24062,24827,1,0,1,16359,14287,14678,12400,10769,11047,3939,3506,3618,20,12,14,18,11,12,2.1,2.9,1.36,0.02,3343,49,4890,85,197,7,2261,2775,2775,,86,14
"""4900760""","""Altamont""",0.01,6.50,2.30,119.95,50,58,55,23,29,26,27,30,29,11.26,0.22,2.18,2,2,26250,23490,25536,2,1,2,16318,14460,15375,12461,11013,11627,3826,3423,3721,31,24,27,26,21,23,1.1,2.5,0.46,0.02,633,74,725,78,252,7,3385,1167,1256,763,82,18
"""4900870""","""Alton""",0.00,0.34,0.15,1489.97,60,72,57,25,31,23,36,42,34,9.16,0.00,2.60,2,3,25446,22764,26159,2,2,2,17910,16760,18258,14162,13406,14404,3708,3317,3812,41,37,43,35,31,37,0.0,1.3,0.17,0.00,217,88,256,74,2202,1,9028,1025,1025,,94,6
"""4901090""","""Amalga""",0.13,165.64,50.04,2262.38,65,78,60,31,39,29,34,39,30,11.90,0.26,2.37,2,2,28526,25815,26480,0,0,0,17064,15709,16313,12906,11948,12452,4157,3762,3858,2,0,3,2,0,3,0.5,0.2,0.08,0.02,831,91,1032,81,170,4,4402,1316,1411,636,88,12
"""4901310""","""American Fork""",15.91,25965.99,7280.40,6004.89,52,61,56,26,33,30,26,28,25,10.51,18.93,2.12,2,2,25622,22937,22435,2,1,1,15878,13770,13643,12116,10405,10353,3735,3342,3269,28,23,21,25,21,19,4.4,0.7,2.52,1.21,11054,69,17548,91,11,118,1041,1363,1370,1130,72,28
"""4901530""","""Aneth""",0.04,66.56,15.13,7050.77,59,68,45,20,26,16,38,43,29,11.38,0.02,2.20,2,2,27026,24356,24842,3,3,3,15965,14205,15699,11977,10606,12025,3938,3550,3620,50,49,54,42,42,46,1.2,1.6,0.22,0.00,203,60,235,74,238,7,3306,707,725,559,89,11
"""4901750""","""Annabella""",0.01,20.06,6.29,449.73,65,77,56,31,38,26,35,38,30,11.74,0.16,2.24,2,2,26462,23924,26144,1,1,1,16060,14244,16180,12182,10734,12346,3856,3487,3810,22,23,24,19,19,21,0.5,0.5,0.63,0.01,401,94,462,77,232,6,2647,1179,1250,840,83,17
"""4901860""","""Antimony""",0.01,15.85,5.24,6307.78,61,71,49,24,30,19,37,41,30,11.06,0.01,2.22,2,2,24816,22242,25284,2,2,2,15736,14052,16270,12077,10768,12541,3616,3242,3684,43,42,45,37,36,38,0.7,0.5,0.48,0.00,230,66,273,75,832,2,5284,853,968,453,78,22
"""4901905""","""Apple Valley""",0.30,1185.75,174.55,25445.18,57,69,54,27,34,26,30,35,29,12.55,0.09,2.12,2,2,25573,23350,25298,1,2,1,15249,14193,15376,11513,10778,11680,3726,3402,3686,11,13,10,26,30,25,1.8,0.3,0.43,0.01,396,86,456,78,406,3,3756,1153,1234,1065,51,49
"""4902740""","""Aurora""",0.01,11.26,3.85,664.53,63,73,54,27,34,23,36,40,31,11.45,0.07,2.34,2,2,26620,23969,26240,1,1,2,16618,14730,16704,12712,11210,12850,3879,3494,3824,27,26,30,23,22,26,0.1,0.7,0.81,0.01,301,96,364,76,203,6,2564,1036,1040,963,94,6
"""4902960""","""Avon""",0.45,469.01,145.39,4531.43,66,79,60,33,41,31,33,37,29,11.82,1.04,2.28,2,2,27889,25223,25872,0,0,1,16492,15042,15660,12420,11359,11880,4064,3675,3770,8,8,10,7,6,8,0.3,1.2,0.20,0.03,1336,98,1195,80,95,12,3107,1384,1424,540,92,8
"""4903345""","""Ballard""",0.62,709.90,212.54,8945.86,44,52,52,19,24,24,25,28,28,11.93,0.28,2.21,2,2,27918,25005,25587,1,1,1,16703,14759,15001,12610,11103,11259,4070,3644,3728,23,12,14,20,10,12,1.2,5.2,0.05,0.02,934,66,2070,80,241,8,3532,1065,1025,1304,86,14
"""4903950""","""Bear River City""",0.08,134.58,41.41,1145.31,50,59,56,22,28,26,28,31,30,11.98,0.43,2.42,2,2,28575,25759,26443,0,0,0,17979,15887,16230,13803,12134,12376,4165,3753,3853,11,0,0,10,0,0,0.4,0.4,0.31,0.04,1337,99,1318,82,90,10,2633,1182,1202,875,94,6
"""4904060""","""Beaver""",1.35,1850.97,655.45,4273.93,49,58,45,21,26,19,28,32,26,10.26,4.85,1.95,2,2,24626,22221,23870,1,1,1,14230,12911,13961,10631,9663,10472,3588,3238,3478,11,10,11,9,9,10,2.2,2.2,1.06,0.15,1305,80,1485,81,24,30,2109,868,1012,541,67,33
"""4904720""","""Benjamin""",0.84,1092.92,310.10,7856.39,61,72,66,31,39,36,30,33,30,11.57,0.48,2.48,2,2,29901,27122,26553,0,0,0,18489,16418,16315,14130,12466,12446,4359,3952,3869,0,0,0,0,0,0,0.9,0.1,0.41,0.04,2484,95,3058,86,116,11,2695,1600,1633,340,86,14
"""4905050""","""Benson""",1.46,3419.55,899.79,19321.88,54,63,48,23,29,22,30,34,27,10.63,2.99,2.11,2,2,26232,23803,24427,0,0,0,15303,13844,14464,11480,10376,10904,3822,3468,3559,0,0,0,0,0,0,1.0,1.4,0.51,0.05,3571,75,5354,86,84,8,3902,972,1110,426,66,34
"""4905380""","""Beryl Junction""",0.00,5.20,1.70,1168.35,61,72,50,26,32,21,35,39,29,10.33,0.01,2.13,2,2,25728,23314,24723,2,2,2,15385,13768,15384,11609,10340,11751,3749,3398,3602,28,30,30,24,26,26,2.9,0.1,0.15,0.00,322,58,396,78,407,3,4014,949,1097,773,54,46
"""4905490""","""Bicknell""",0.00,0.35,0.14,365.78,74,87,56,32,40,24,42,47,32,10.34,0.00,2.43,2,2,26083,23571,25958,2,2,2,17073,15300,17393,13230,11822,13566,3801,3436,3782,42,42,45,36,36,38,0.0,1.3,0.26,0.00,203,87,242,74,1665,1,7137,1078,1169,544,86,14
"""4905534""","""Big Water""",0.04,33.10,11.20,3834.86,54,64,51,25,31,23,29,33,27,10.92,0.03,2.01,2,2,23538,20934,24239,3,3,3,14415,13308,14767,10927,10205,11176,3430,3050,3532,58,53,59,49,45,51,2.0,2.2,0.58,0.00,226,48,268,74,697,2,4615,1045,1146,825,69,31
"""4906370""","""Blanding""",1.57,1958.23,518.26,8440.43,63,74,48,30,37,23,34,37,26,10.95,8.75,1.89,2,2,25186,22672,23496,2,2,1,13988,12228,13774,10291,8894,10325,3670,3305,3424,27,29,25,23,25,21,1.7,4.6,1.26,0.06,1059,66,1909,80,58,15,3026,1026,1180,593,74,26
"""4906590""","""Bluebell""",0.36,337.43,119.26,6231.30,50,58,55,23,29,26,27,30,29,11.26,0.22,2.18,2,2,26250,23490,25536,2,1,2,16318,14460,15375,12461,11013,11627,3826,3423,3721,31,24,27,26,21,23,1.1,2.5,0.46,0.02,633,74,725,78,252,7,3385,1167,1256,763,82,18
"""4906700""","""Bluff""",0.01,4.32,2.02,14057.91,58,68,45,19,24,15,39,44,30,8.71,0.00,2.28,2,2,26764,24282,24898,3,3,3,16332,14764,16379,12382,11171,12696,3900,3539,3628,50,54,55,43,46,47,0.4,1.5,0.20,0.00,198,62,234,74,2273,1,9044,653,749,425,70,30
"""4906810""","""Bluffdale""",3.05,8950.42,2351.69,7026.38,63,75,70,37,46,42,27,29,27,12.37,4.92,2.20,2,2,27051,24208,24887,0,0,0,16502,14454,14800,12554,10922,11168,3943,3527,3626,5,5,5,5,5,5,2.9,1.2,2.26,0.33,7224,83,10758,89,40,36,1817,1896,2045,573,82,18
"""4906920""","""Bonanza""",0.00,0.81,0.28,1816.71,53,63,63,24,30,29,29,33,33,10.68,0.00,2.71,3,3,28306,25420,25983,3,2,2,19639,17650,17864,15461,13904,14035,4126,3704,3786,52,41,43,45,35,37,0.0,1.2,0.02,0.00,224,78,273,75,1674,2,7366,1319,1319,,98,2
"""4907470""","""Boulder""",0.01,6.93,2.76,13402.08,67,79,54,29,36,23,38,43,31,10.02,0.00,2.33,2,2,24898,22312,25347,3,3,3,16346,14662,16862,12670,11363,13119,3628,3252,3693,48,47,50,41,40,43,0.1,1.1,0.30,0.00,206,68,244,74,2209,1,9394,1026,1117,664,80,20
"""4907690""","""Bountiful""",28.94,40210.33,13389.56,8452.13,49,57,55,26,33,31,23,24,24,9.34,23.45,1.93,2,2,23027,20594,21180,3,3,3,14433,12334,12707,11016,9276,9563,3357,3001,3086,60,57,57,54,52,52,3.3,6.0,2.66,1.58,13390,68,15889,88,12,128,1300,1393,1473,668,70,30
"""4908020""","""Brian Head""",0.01,1.15,0.66,2327.91,64,75,52,28,35,23,36,40,29,,,2.18,2,2,25660,22669,24252,3,2,3,15658,13919,15531,11864,10570,11946,3739,3304,3534,55,45,52,47,38,44,1.7,0.4,0.19,0.00,285,28,318,76,792,2,5437,1036,1106,639,85,15
"""4908460""","""Brigham City""",13.88,16043.02,5403.02,15702.99,42,49,47,18,23,22,24,26,25,9.75,17.96,2.00,2,2,24686,22115,22736,2,1,1,15097,13034,13395,11443,9767,10036,3598,3222,3313,55,45,46,50,41,42,1.7,2.6,1.99,0.34,4892,70,5831,86,16,29,3383,976,1091,631,68,32
"""4908787""","""Bryce Canyon City""",0.00,5.37,1.77,2136.72,61,71,49,24,30,19,37,41,30,11.06,0.01,2.22,2,2,24816,22242,25284,2,2,2,15736,14052,16270,12077,10768,12541,3616,3242,3684,43,42,45,37,36,38,0.7,0.5,0.48,0.00,230,66,273,75,832,2,5284,853,968,453,78,22
"""4909725""","""Cache""",0.16,181.87,52.46,3685.57,66,80,61,32,39,29,35,40,31,12.07,0.17,2.45,2,2,28746,25994,26657,0,0,1,17526,16128,16737,13328,12333,12843,4189,3788,3884,9,7,10,8,6,8,0.1,0.3,0.43,0.01,630,99,757,80,148,5,2869,1324,1324,0,97,3
"""4910330""","""Cannonville""",0.00,4.11,1.36,1636.74,61,71,49,24,30,19,37,41,30,11.06,0.01,2.22,2,2,24816,22242,25284,2,2,2,15736,14052,16270,12077,10768,12541,3616,3242,3684,43,42,45,37,36,38,0.7,0.5,0.48,0.00,230,66,273,75,832,2,5284,853,968,453,78,22
"""4910440""","""Carbonville""",1.53,2307.80,871.45,3510.32,52,61,46,23,29,20,29,32,26,9.95,4.33,1.86,2,2,23727,21241,24126,0,0,0,13564,11840,13908,10099,8739,10385,3457,3096,3515,7,5,8,6,5,7,3.2,2.8,1.63,0.25,2153,68,2642,82,38,35,1956,916,966,792,67,33
"""4910660""","""Castle Dale""",0.39,662.63,208.62,1399.32,54,62,49,24,30,22,29,32,27,11.10,2.25,2.01,2,2,25659,22964,25212,0,0,0,14663,12820,14663,10916,9468,10982,3739,3347,3674,8,5,8,7,4,6,2.0,2.2,0.96,0.15,893,79,1545,81,36,27,2128,1000,1084,562,84,16
"""4911000""","""Castle Valley""",0.02,28.68,12.50,5935.26,69,81,54,31,39,24,38,42,30,10.15,0.02,2.22,2,2,24800,22314,25540,2,2,3,15754,14037,16315,12096,10742,12547,3614,3252,3721,44,43,47,37,36,40,0.2,1.1,0.67,0.00,212,75,251,74,1032,2,7585,1066,1203,448,82,18
"""4911320""","""Cedar City""",13.46,23838.14,7791.96,22931.64,55,64,44,26,32,21,29,32,24,9.06,15.94,1.73,2,2,23369,20917,22423,1,1,1,12847,11158,12751,9429,8099,9475,3405,3049,3267,12,10,9,10,9,8,3.1,4.9,1.78,0.34,4431,55,5335,84,25,33,2624,933,991,718,54,46
"""4911430""","""Cedar Fort""",0.09,86.84,24.24,13533.09,56,66,60,24,30,28,32,35,32,13.12,0.02,2.65,2,2,30161,27378,26775,0,0,0,19548,17473,17373,15151,13483,13471,4397,3989,3901,0,0,0,0,0,0,0.3,0.1,0.79,0.00,1056,95,1406,82,156,9,2400,1251,1245,1313,91,9
"""4911440""","""Cedar Hills""",3.19,7048.55,1714.91,1736.62,59,69,64,34,42,39,27,29,27,11.54,17.85,2.22,2,2,27118,24347,23801,0,0,0,16639,14468,14325,12685,10920,10857,3953,3548,3468,1,0,0,1,0,0,2.9,0.7,2.32,0.99,8584,87,8769,88,12,97,1033,1731,1731,63,88,12
"""4911870""","""Centerfield""",0.18,231.40,72.19,1167.15,55,65,51,25,31,23,30,34,28,11.04,0.68,2.08,2,2,25797,23116,25244,1,1,1,15122,13800,15083,11344,10415,11386,3759,3368,3678,19,17,19,16,15,16,2.2,0.9,0.73,0.06,805,76,1003,80,62,15,1853,1033,1085,779,83,17
"""4911980""","""Centerville""",6.63,14596.62,4809.70,3825.47,51,59,57,27,33,32,24,26,25,10.04,23.35,2.04,2,2,24153,21512,22151,3,3,3,15235,13027,13418,11650,9838,10134,3521,3135,3228,63,55,56,57,49,51,2.9,2.8,2.88,1.26,10003,65,10795,88,11,105,1303,1421,1465,758,84,16
"""4912200""","""Central""",0.01,12.31,4.04,1603.29,63,75,59,29,36,27,33,39,32,11.62,0.03,2.40,2,2,26854,24259,26376,1,1,1,16998,15793,16976,13076,12249,13123,3913,3535,3843,9,9,10,22,22,24,0.1,0.4,0.55,0.00,371,95,424,77,553,3,4011,1229,1296,874,84,16
"""4912260""","""Central Valley""",0.10,209.63,59.72,1342.23,63,73,54,29,36,25,33,37,29,11.18,0.54,2.14,2,2,26166,23579,25896,0,0,0,15465,13640,15595,11648,10199,11817,3813,3437,3773,4,4,5,4,4,4,1.5,0.4,0.98,0.04,1350,90,1758,82,84,14,1972,1123,1261,599,79,21
"""4912420""","""Charleston""",0.24,837.17,252.22,1809.77,52,61,60,27,34,33,25,27,27,11.88,2.82,2.17,2,2,27433,24792,24940,0,0,0,16407,14481,14560,12408,10868,10926,3999,3612,3634,0,0,0,0,0,0,2.1,0.7,1.21,0.14,3222,77,3411,85,60,16,2641,1494,1755,979,64,36
"""4912970""","""Circleville""",0.09,83.69,23.99,7060.09,68,81,47,25,32,17,43,49,30,11.44,0.04,2.21,2,2,26403,23971,25768,2,2,2,15299,14220,16347,11421,10691,12556,3848,3494,3755,30,35,36,25,30,31,0.6,0.3,0.28,0.00,250,85,285,76,412,3,4017,760,800,625,77,23
"""4913190""","""Clarkston""",0.02,14.75,4.21,593.55,62,75,57,28,35,26,35,40,31,12.33,0.09,2.45,2,2,28501,25807,26447,1,1,1,17496,16156,16754,13323,12377,12879,4153,3760,3854,20,18,21,17,16,18,0.1,0.6,0.51,0.01,517,95,539,78,294,3,3720,1159,1174,950,93,7
"""4913300""","""Clawson""",0.01,7.45,2.52,642.15,54,63,50,21,27,20,32,36,30,10.72,0.11,2.25,2,2,26231,23556,25707,2,2,2,16112,14296,16104,12254,10829,12321,3822,3434,3746,36,33,37,30,28,31,0.2,0.6,0.57,0.00,287,79,329,76,377,3,4510,888,919,685,86,14
"""4913740""","""Clear Creek""",0.00,0.80,0.29,130.81,71,84,63,36,45,31,35,39,31,11.39,0.03,2.34,2,2,25755,23040,26137,1,1,2,16509,14667,16831,12730,11286,12995,3753,3358,3808,26,23,28,22,19,24,0.1,0.5,0.60,0.00,350,82,440,77,407,4,4264,1406,1406,,92,8
"""4913850""","""Clearfield""",14.94,26425.50,8166.47,4928.92,43,50,48,21,26,24,22,24,23,9.38,22.05,1.90,2,2,22457,20020,20606,4,4,4,14206,12175,12534,10857,9188,9462,3274,2917,3003,75,70,70,68,63,63,6.5,4.0,3.89,1.66,14043,60,18270,89,10,135,954,1098,1137,1010,59,41
"""4914070""","""Cleveland""",0.00,1.58,0.47,545.95,62,73,58,28,35,26,35,39,32,11.50,0.01,2.46,2,2,26717,24055,26191,2,2,2,17325,15491,17317,13397,11952,13464,3893,3506,3816,35,33,37,29,28,31,0.0,0.8,0.30,0.00,253,88,307,75,1092,2,5687,1148,1213,609,89,11
"""4914290""","""Clinton""",8.60,21489.13,6234.98,3796.50,49,57,55,24,31,29,25,27,26,11.01,23.66,2.13,2,2,24833,22220,22852,2,1,1,15790,13585,13970,12139,10319,10612,3620,3238,3330,31,28,28,28,25,26,2.8,2.4,2.32,1.64,13736,91,10274,88,13,121,1066,1297,1312,896,86,14
"""4914840""","""Coalville""",0.47,566.34,156.16,2117.19,35,42,56,17,21,28,18,21,28,12.19,2.01,2.26,2,2,26708,23940,25419,1,0,0,16790,15344,14986,12896,11855,11283,3893,3490,3704,0,0,0,53,1,2,1.5,0.3,0.67,0.07,1292,82,1411,82,56,12,3378,1264,1436,769,74,26
"""4915720""","""Copperton""",0.17,110.84,46.36,4102.37,0,0,0,0,0,0,28,31,30,10.89,0.12,2.37,2,2,28202,25272,26000,0,0,0,17648,15654,15988,13537,11971,12199,4111,3683,3789,0,0,0,0,0,0,0.7,1.9,3.09,0.01,3046,78,4128,85,233,4,2734,0,0,0,87,13
"""4915830""","""Corinne""",0.13,182.39,56.53,2401.92,46,54,51,19,24,23,27,30,29,11.67,0.27,2.28,2,2,27955,25305,25946,0,0,0,17075,15142,15460,13000,11455,11679,4075,3687,3781,0,0,0,0,0,0,1.7,1.6,0.42,0.02,1270,87,2067,82,114,7,2931,1020,1118,747,74,26
"""4915940""","""Cornish""",0.14,132.40,42.88,3437.67,56,67,51,22,28,21,34,39,30,11.50,0.14,2.38,2,2,28261,25694,26314,1,1,1,17061,15754,16347,12929,11996,12496,4118,3744,3834,14,14,16,12,12,14,0.5,0.2,0.09,0.01,461,95,559,79,209,3,3484,928,976,714,82,18
"""4916270""","""Cottonwood Heights""",19.91,32407.50,11794.61,5899.19,53,62,58,31,38,35,23,24,23,9.26,24.58,1.92,2,2,22529,20142,20693,2,2,2,14294,12174,12570,10955,9184,9499,3284,2935,3015,56,55,56,50,49,50,3.9,6.9,4.28,2.00,20507,68,29676,89,12,148,1381,1585,1748,1037,70,30
"""4916490""","""Cove""",0.88,1206.86,408.73,9353.79,58,69,53,26,32,24,32,37,29,11.05,0.48,2.25,2,2,27466,24985,25585,1,1,1,16247,14803,15415,12226,11140,11665,4002,3641,3728,18,22,23,15,19,19,1.3,0.4,0.88,0.04,640,86,811,80,133,7,2297,1073,1229,489,79,21
"""4918090""","""Dammeron Valley""",0.01,17.32,6.98,3132.27,68,82,64,33,42,31,34,40,32,9.13,0.02,2.48,2,2,27176,24505,26663,1,1,1,17479,16267,17427,13511,12689,13533,3960,3571,3885,8,7,9,19,18,21,0.0,0.3,0.97,0.00,391,95,451,78,1267,1,6962,1412,1448,1114,89,11
"""4918140""","""Daniel""",0.59,2156.20,602.63,2107.56,48,57,56,25,31,31,23,25,25,11.41,4.43,2.01,2,2,26214,23737,23877,0,0,0,15299,13489,13566,11478,10030,10087,3821,3459,3479,0,0,0,0,0,0,3.9,1.3,2.58,0.29,2900,65,3098,84,42,23,2325,1386,1677,1132,47,53
"""4918910""","""Delta""",1.20,1286.92,420.74,2836.92,48,57,45,18,22,17,30,35,28,10.86,2.54,2.17,2,2,26373,23715,25425,0,0,0,15676,14311,15357,11833,10855,11652,3843,3456,3705,1,1,1,0,0,0,2.4,0.0,1.62,0.15,950,83,1366,84,27,36,1840,757,699,651,80,20
"""4919020""","""Deseret""",0.01,6.89,2.59,1962.13,56,67,53,24,30,23,32,37,30,10.71,0.01,2.29,2,2,26279,23613,25263,2,2,2,16321,15134,16064,12451,11656,12343,3829,3441,3681,41,37,40,35,31,34,1.2,0.4,0.10,0.00,262,66,319,76,439,3,5077,1042,1042,,77,23
"""4919680""","""Deweyville""",0.22,221.32,78.26,4083.78,51,60,57,24,30,28,28,30,29,11.26,0.47,2.35,2,2,28174,25472,26127,0,0,0,17564,15555,15884,13440,11836,12068,4107,3712,3807,17,7,9,15,6,8,0.9,0.8,0.17,0.02,1180,94,1243,81,127,7,2700,1256,1360,461,83,17
"""4920120""","""Draper""",18.53,47331.35,12784.01,19251.26,61,72,67,36,45,42,25,27,26,11.08,13.01,2.09,2,2,25192,22480,23030,3,2,2,15653,13548,13885,11917,10215,10470,3672,3276,3356,64,58,59,58,52,54,3.0,2.7,2.37,0.66,10930,76,19004,90,22,68,1382,1877,1850,1342,79,21
"""4920340""","""Duchesne""",0.12,175.45,56.33,1793.22,45,53,50,19,24,22,26,29,28,10.48,0.34,2.12,2,2,25690,23087,25045,2,2,2,15874,14057,14987,12096,10664,11308,3745,3364,3649,34,29,30,29,25,26,2.2,0.9,0.81,0.03,441,74,515,77,115,13,2398,992,1059,784,72,28
"""4920450""","""Dugway""",0.00,2.23,0.92,3338.43,34,39,37,12,15,14,22,24,23,9.17,0.00,1.77,2,2,22815,20755,21181,3,3,3,13433,12130,12243,10092,9090,9141,3326,3024,3086,15,15,16,14,14,14,5.9,0.9,2.30,0.00,279,24,357,76,1125,1,4670,620,,620,0,100
"""4920780""","""Dutch John""",0.00,2.66,0.90,1527.16,51,61,56,24,30,25,27,31,30,9.22,0.01,2.21,2,2,21983,19255,25301,2,2,3,15264,14172,16418,12024,11336,12685,3203,2806,3687,37,30,46,31,26,39,0.5,1.2,0.52,0.00,237,63,295,75,592,2,5397,1135,1144,1069,88,12
"""4920810""","""Eagle Mountain""",9.70,22173.38,5195.41,32276.98,51,60,55,26,33,30,28,31,28,12.28,8.62,2.30,2,2,28297,25554,24989,0,0,0,17272,15148,15018,13143,11422,11376,4125,3724,3641,4,2,2,4,2,1,1.1,0.2,2.00,0.16,3986,87,3129,85,38,26,1905,1344,1167,721,85,15
"""4921115""","""East Carbon-Sunnyside""",0.02,22.82,9.72,7220.61,51,59,45,16,20,14,35,39,31,9.89,0.01,2.34,2,2,25662,23237,26020,2,2,2,16523,14783,16840,12747,11359,13011,3739,3387,3791,36,37,38,31,31,32,0.1,1.0,2.17,0.00,259,91,310,75,1214,1,6457,613,632,549,78,22
"""4921880""","""Echo""",0.00,3.49,1.29,522.66,36,43,58,16,20,28,20,23,30,11.39,0.03,2.48,2,2,27264,24518,26042,2,1,1,18146,16822,16338,14171,13247,12543,3974,3574,3795,1,0,0,117,68,63,0.6,1.1,0.69,0.00,522,86,709,78,434,3,4929,1250,1380,838,76,24
"""4921990""","""Eden""",0.18,242.80,85.59,2690.21,55,65,62,29,37,35,26,28,27,10.51,0.95,2.17,2,2,27107,24291,24975,1,1,1,16407,14420,14756,12413,10859,11091,3951,3540,3639,43,22,26,38,20,23,1.3,2.5,0.28,0.03,1464,69,1706,81,93,12,2769,1561,1646,925,82,18
"""4922210""","""Elberta""",0.10,206.20,52.54,8735.33,56,66,61,27,33,31,30,33,30,12.18,0.09,2.46,2,2,29261,26543,25943,1,1,1,18352,16325,16229,14071,12447,12438,4265,3868,3780,15,10,11,14,9,10,1.3,0.3,0.38,0.01,628,84,787,80,91,14,1809,1373,1437,996,86,14
"""4922370""","""Elk Ridge""",0.81,1104.41,266.20,1807.65,63,74,68,34,42,39,29,32,29,12.85,5.38,2.40,2,2,29273,26437,25832,0,0,0,17941,15740,15588,13674,11888,11824,4267,3852,3764,0,0,0,0,0,0,0.6,0.1,1.00,0.15,2904,99,2515,85,25,30,1541,1752,1753,87,99,1
"""4922540""","""Elmo""",0.00,1.70,0.66,450.12,59,69,54,25,31,23,34,38,31,10.30,0.01,2.37,2,2,26496,23743,25939,2,2,2,16799,14962,16781,12907,11474,12969,3861,3461,3780,31,27,32,26,23,28,0.2,0.5,0.26,0.00,313,77,388,77,527,3,4041,1039,1093,563,90,10
"""4922650""","""Elsinore""",0.08,64.90,24.18,858.48,60,70,51,26,32,22,34,38,30,10.07,0.28,2.20,2,2,26280,23650,25926,1,1,1,15818,13965,15914,11965,10496,12111,3829,3447,3778,23,22,25,20,19,22,0.7,0.5,0.78,0.03,464,89,463,77,135,8,2066,986,1035,625,88,12
"""4922760""","""Elwood""",0.64,1007.69,350.46,5159.06,53,63,60,26,32,30,28,30,29,11.04,0.96,2.36,2,2,28279,25445,26134,0,0,0,17623,15539,15885,13498,11831,12077,4122,3708,3808,3,0,0,3,0,0,0.9,0.2,0.39,0.07,1494,92,1508,83,58,11,2261,1366,1438,590,92,8
"""4922870""","""Emery""",0.00,1.87,0.62,786.95,58,67,53,23,29,21,35,39,32,10.80,0.01,2.45,2,2,26570,23846,26002,2,2,2,17225,15382,17198,13315,11871,13369,3872,3476,3789,38,35,40,33,30,34,0.0,0.9,0.48,0.00,237,82,282,75,979,1,5306,955,989,561,92,8
"""4922875""","""Emigration Canyon""",0.29,524.35,177.16,12139.20,80,96,90,53,66,61,28,30,29,11.93,0.17,2.34,2,2,27187,24730,25338,0,0,0,17315,15162,15561,13352,11559,11869,3963,3604,3692,0,0,0,0,0,0,0.1,5.6,0.27,0.01,3965,96,6288,84,532,2,5351,2728,2974,1067,87,13
"""4923200""","""Enoch""",1.16,2223.15,595.00,4611.85,64,74,51,29,37,24,34,38,28,11.79,3.84,2.06,2,2,26352,23789,25282,1,1,1,15061,13173,14863,11212,9695,11167,3840,3467,3684,9,10,12,8,8,10,1.1,1.8,0.93,0.13,2000,94,1252,80,46,18,3331,1072,1090,537,85,15
"""4923310""","""Enterprise""",0.01,35.73,9.48,2414.70,65,78,74,37,46,43,29,32,31,12.46,0.05,2.46,2,2,28424,25701,26361,1,1,1,18202,16247,16558,14040,12489,12703,4143,3745,3841,18,13,14,16,11,12,0.2,1.3,0.78,0.00,695,89,916,79,497,3,4272,1952,2108,1176,83,17
"""4923420""","""Enterprise""",0.03,56.43,15.82,5594.35,60,72,56,27,34,25,33,38,31,11.92,0.03,2.35,2,2,26596,24009,26119,1,1,2,16675,15479,16662,12789,11970,12846,3875,3498,3806,10,10,11,25,25,26,0.3,0.4,0.76,0.00,346,89,400,77,446,3,3501,1135,1206,826,81,19
"""4923530""","""Ephraim""",2.11,4017.12,1026.66,2356.06,44,52,42,18,23,17,26,30,25,9.68,21.29,1.81,2,2,22570,20339,22462,0,0,0,13121,11947,13369,9827,8977,10095,3289,2964,3273,5,7,1,4,6,1,3.6,0.0,1.36,0.44,2074,62,2177,85,18,31,2618,755,1130,529,38,62
"""4923640""","""Erda""",2.34,3018.47,864.99,12093.53,38,45,42,19,24,22,27,30,28,12.20,1.21,2.26,2,2,27582,24908,25547,0,0,0,16937,14903,15244,12916,11274,11521,4021,3629,3723,1,0,0,0,0,0,1.0,1.3,0.99,0.07,2822,88,2818,84,158,13,2533,1005,987,668,78,22
"""4923750""","""Escalante""",0.00,1.01,0.40,1945.29,67,79,54,29,36,23,38,43,31,10.02,0.00,2.33,2,2,24898,22312,25347,3,3,3,16346,14662,16862,12670,11363,13119,3628,3252,3693,48,47,50,41,40,43,0.1,1.1,0.30,0.00,206,68,244,74,2209,1,9394,1026,1117,664,80,20
"""4924080""","""Eureka""",0.00,0.52,0.20,951.92,49,58,53,18,23,21,31,35,32,10.57,0.00,2.61,2,2,28978,26425,25858,2,2,2,19150,17308,17267,14888,13422,13462,4224,3850,3768,38,36,37,33,30,31,0.1,0.8,1.06,0.00,266,83,337,76,1568,1,7134,951,1052,650,75,25
"""4924410""","""Fairfield""",0.11,107.28,29.95,16719.54,56,66,60,24,30,28,32,35,32,13.12,0.02,2.65,2,2,30161,27378,26775,0,0,0,19548,17473,17373,15151,13483,13471,4397,3989,3901,0,0,0,0,0,0,0.3,0.1,0.79,0.00,1056,95,1406,82,156,9,2400,1251,1245,1313,91,9
"""4924630""","""Fairview""",0.14,173.53,49.20,780.34,57,68,53,26,33,25,31,35,29,11.70,1.61,2.12,2,2,26161,23681,25770,1,1,1,15382,14128,15447,11559,10665,11681,3812,3451,3755,10,12,11,9,10,9,1.0,0.1,0.58,0.06,716,96,609,80,67,11,2614,1103,1192,843,75,25
"""4924740""","""Farmington""",5.42,12973.69,3772.85,6324.55,56,66,63,31,39,37,25,26,26,11.02,10.45,2.09,2,2,25073,22555,23163,4,4,4,15656,13466,13849,11930,10112,10406,3655,3287,3375,72,68,68,65,61,62,3.1,3.6,2.36,0.60,6845,80,7292,86,22,63,1805,1664,1798,798,83,17
"""4924850""","""Farr West""",1.73,6010.94,1595.72,3788.67,56,66,63,30,38,36,26,28,27,11.95,5.54,2.21,2,2,26964,24204,24874,0,0,0,16590,14398,14776,12639,10857,11136,3931,3527,3624,20,14,15,18,13,13,1.9,2.4,1.20,0.42,4857,90,6567,86,35,35,1677,1612,1653,1168,91,9
"""4925070""","""Fayette""",0.00,3.77,0.35,252.44,63,76,59,29,37,27,33,39,31,10.42,0.01,2.38,2,2,26641,24218,26235,1,1,1,16853,15728,16959,12948,12173,13111,3882,3529,3823,23,27,25,20,23,21,0.3,0.3,0.15,0.00,334,100,404,77,455,3,4496,1231,1231,,73,27
"""4925180""","""Ferron""",0.03,32.26,10.93,1491.80,53,62,49,21,27,20,32,36,30,10.71,0.12,2.23,2,2,26191,23522,25672,2,2,2,15980,14168,15975,12129,10707,12198,3816,3429,3741,35,33,36,30,28,31,0.4,0.5,0.67,0.01,293,78,335,76,306,4,3644,880,910,700,85,15
"""4925290""","""Fielding""",0.02,30.58,9.64,271.21,47,55,53,20,25,24,27,30,29,11.88,0.42,2.29,2,2,27731,25119,25750,1,1,1,17138,15195,15514,13067,11514,11740,4042,3660,3752,29,20,22,26,18,20,1.9,0.2,0.40,0.04,689,85,785,80,111,9,2773,1067,1249,570,73,27
"""4925510""","""Fillmore""",1.02,1216.86,342.01,4398.33,48,57,45,19,24,19,29,33,27,11.47,3.24,2.02,2,2,25648,23110,24746,0,0,0,14761,13453,14475,11020,10083,10867,3737,3367,3606,4,2,3,3,2,3,1.3,0.3,0.70,0.08,1089,76,1382,82,35,15,3920,834,921,641,69,31
"""4925910""","""Flaming Gorge""",0.00,2.55,0.86,1464.03,51,61,56,24,30,25,27,31,30,9.22,0.01,2.21,2,2,21983,19255,25301,2,2,3,15264,14172,16418,12024,11336,12685,3203,2806,3687,37,30,46,31,26,39,0.5,1.2,0.52,0.00,237,63,295,75,592,2,5397,1135,1144,1069,88,12
"""4926610""","""Fort Duchesne""",0.18,158.18,46.92,4484.11,48,57,57,24,30,30,25,27,28,10.81,0.11,2.19,2,2,27084,24413,24954,3,2,2,16472,14634,14870,12475,11037,11194,3948,3557,3636,49,40,41,41,34,35,1.8,3.6,0.21,0.01,402,66,553,76,315,6,4472,1325,1541,790,72,28
"""4926720""","""Fountain Green""",0.01,11.72,3.63,801.04,59,71,55,26,33,24,33,39,31,11.18,0.05,2.35,2,2,26939,24271,26391,1,1,1,16745,15502,16736,12807,11953,12875,3925,3537,3845,13,12,16,11,11,13,0.3,0.4,0.44,0.00,594,93,660,79,243,5,3313,1095,1162,610,88,12
"""4926940""","""Francis""",0.31,391.49,126.14,1677.96,36,43,58,17,22,30,19,21,28,11.37,1.62,2.29,2,2,27066,24256,25767,1,0,0,17039,15586,15230,13094,12050,11475,3945,3536,3755,0,0,0,48,2,1,1.5,0.5,1.12,0.08,1185,86,1545,82,76,16,2465,1334,1492,757,78,22
"""4927270""","""Fremont""",0.01,9.68,2.97,1121.78,65,76,50,25,31,19,40,44,31,11.66,0.03,2.26,2,2,26154,23632,26074,1,1,1,16142,14376,16468,12316,10914,12650,3811,3445,3799,15,17,18,13,14,16,0.5,0.7,0.32,0.00,643,84,711,79,419,3,4011,853,934,544,79,21
"""4927490""","""Fruit Heights""",2.44,3792.10,1146.16,1465.70,57,66,64,32,40,38,24,26,26,10.67,13.27,2.09,2,2,24870,22203,22849,3,2,2,15622,13377,13773,11946,10097,10398,3625,3235,3329,51,44,45,46,40,41,2.6,3.7,1.85,0.78,9295,77,8055,86,14,86,1066,1706,1740,715,91,9
"""4927902""","""Garden""",0.07,84.87,27.13,16939.46,59,71,55,27,34,25,32,37,30,10.31,0.02,2.25,2,2,26884,24294,25343,2,2,2,16200,15070,15970,12247,11494,12240,3917,3540,3693,36,36,37,31,31,32,1.3,0.9,0.19,0.00,308,71,391,76,340,5,4341,1135,1301,615,76,24
"""4927930""","""Garden City""",0.02,28.18,9.01,5624.23,59,71,55,27,34,25,32,37,30,10.31,0.02,2.25,2,2,26884,24294,25343,2,2,2,16200,15070,15970,12247,11494,12240,3917,3540,3693,36,36,37,31,31,32,1.3,0.9,0.19,0.00,308,71,391,76,340,5,4341,1135,1301,615,76,24
"""4928150""","""Garland""",0.98,1367.88,422.34,1148.41,39,45,44,17,21,20,25,28,27,11.10,4.70,2.15,2,2,27021,24333,24984,0,0,0,16206,14207,14547,12267,10661,10907,3939,3546,3640,1,0,0,1,0,0,3.3,1.0,1.65,0.37,2300,84,2704,84,26,45,1303,892,948,733,77,23
"""4928810""","""Genola""",0.09,153.02,37.58,8809.90,57,67,61,27,34,31,30,33,30,12.12,0.07,2.47,2,2,29255,26551,25959,1,0,1,18394,16378,16288,14117,12501,12496,4264,3869,3783,13,9,10,12,8,9,1.3,0.3,0.17,0.00,699,85,912,80,95,15,1844,1386,1492,808,85,15
"""4929360""","""Glendale""",0.04,45.99,14.04,4478.98,56,67,53,24,30,22,33,38,31,11.63,0.04,2.31,2,2,25446,22974,26142,2,2,2,16328,15168,16700,12591,11793,12861,3708,3348,3809,29,28,29,24,24,25,0.2,0.3,0.40,0.00,319,91,353,77,600,3,4850,994,1045,803,79,21
"""4929580""","""Glenwood""",0.01,15.40,4.83,345.28,65,77,56,31,38,26,35,38,30,11.74,0.16,2.24,2,2,26462,23924,26144,1,1,1,16060,14244,16180,12182,10734,12346,3856,3487,3810,22,23,24,19,19,21,0.5,0.5,0.63,0.01,401,94,462,77,232,6,2647,1179,1250,840,83,17
"""4930130""","""Goshen""",0.01,18.17,4.78,526.65,56,66,60,26,33,30,30,33,30,12.21,0.11,2.46,2,2,29244,26514,25906,1,1,1,18299,16263,16162,14019,12388,12374,4263,3863,3775,17,12,13,15,11,11,1.3,0.2,0.73,0.01,594,83,710,80,87,13,1750,1359,1391,1144,87,13
"""4930900""","""Granite""",1.04,1885.25,621.73,961.15,70,84,78,45,56,52,25,27,26,10.74,13.91,2.10,2,2,25370,22647,23303,1,1,1,15719,13542,13941,12002,10227,10530,3698,3300,3396,19,15,16,17,14,14,2.3,5.2,1.59,0.65,13018,91,14437,88,17,65,1740,2342,2379,441,90,10
"""4931120""","""Grantsville""",3.89,5745.78,1773.99,23965.43,48,56,53,22,28,26,26,29,27,11.20,2.53,2.17,2,2,26994,24330,24975,1,1,1,16304,14260,14611,12363,10711,10967,3935,3545,3639,6,5,5,5,4,4,1.3,1.9,1.57,0.07,1895,77,1807,81,80,13,2536,1150,1288,638,77,23
"""4931670""","""Green River""",0.01,6.37,2.05,8468.95,55,64,51,22,27,20,33,37,31,10.71,0.00,2.33,2,2,25452,22953,25009,3,3,3,16414,14750,16502,12656,11357,12811,3709,3346,3644,49,47,47,42,40,40,0.4,1.0,0.89,0.00,223,71,271,75,1654,1,6632,896,1071,504,69,31
"""4932660""","""Gunnison""",0.92,521.24,166.85,3063.42,55,65,51,25,31,23,30,34,28,10.98,1.24,2.08,2,2,25744,23218,25308,1,1,1,15107,13795,15119,11341,10396,11416,3751,3383,3688,15,16,16,13,14,13,1.3,0.6,0.56,0.05,740,91,1009,80,51,15,2813,1041,1102,774,78,22
"""4933002""","""Halchita""",0.03,81.28,12.94,10958.32,56,65,43,16,20,13,40,45,30,12.90,0.02,2.29,2,2,27391,24784,25315,2,3,3,16516,14793,16316,12480,11133,12575,3991,3613,3689,45,47,52,39,40,44,0.2,1.4,0.20,0.00,201,68,233,74,988,2,5413,567,588,438,86,14
"""4933027""","""Halls Crossing""",0.00,2.64,1.24,8587.06,58,68,45,19,24,15,39,44,30,8.71,0.00,2.28,2,2,26764,24282,24898,3,3,3,16332,14764,16379,12382,11171,12696,3900,3539,3628,50,54,55,43,46,47,0.4,1.5,0.20,0.00,198,62,234,74,2273,1,9044,653,749,425,70,30
"""4933100""","""Hanksville""",0.00,1.03,0.42,1078.79,74,87,56,32,40,24,42,47,32,10.34,0.00,2.43,2,2,26083,23571,25958,2,2,2,17073,15300,17393,13230,11822,13566,3801,3436,3782,42,42,45,36,36,38,0.0,1.3,0.26,0.00,203,87,242,74,1665,1,7137,1078,1169,544,86,14
"""4933540""","""Harrisville""",2.90,6002.93,1918.28,1940.36,46,53,51,22,27,26,24,26,25,10.32,14.07,2.07,2,2,24568,21943,22577,3,2,2,15516,13315,13702,11822,10020,10312,3581,3197,3290,113,98,100,102,88,90,3.9,2.1,2.19,0.99,9873,64,9469,88,17,77,1177,1158,1197,745,80,20
"""4933760""","""Hatch""",0.00,3.04,0.92,1184.96,64,75,52,25,32,20,39,43,32,10.50,0.01,2.34,2,2,25676,23106,26185,1,1,1,16523,14751,17068,12760,11361,13228,3741,3368,3815,22,22,25,18,19,21,0.1,2.1,0.19,0.00,685,91,644,78,520,3,4597,895,926,706,86,14
"""4934200""","""Heber""",2.89,8170.07,2206.31,5427.51,50,59,58,26,33,32,24,26,26,11.65,7.81,2.12,2,2,26811,24192,24340,0,0,0,16019,14034,14117,12110,10509,10570,3908,3525,3547,0,0,0,0,0,0,3.4,1.0,2.17,0.41,3823,83,4574,86,19,49,2451,1441,1614,1095,68,32
"""4934530""","""Helper""",0.21,482.05,201.76,1156.31,51,59,45,21,26,18,30,33,27,9.35,2.13,1.96,2,2,24105,21589,24492,1,1,1,14204,12424,14546,10672,9261,10957,3512,3147,3569,19,16,20,16,13,17,2.7,0.6,1.99,0.17,1386,77,915,80,33,26,2241,801,899,485,76,24
"""4934640""","""Henefer""",0.04,33.52,11.54,1574.76,37,45,60,18,22,30,20,23,30,11.10,0.10,2.45,2,2,27545,24687,26266,1,0,0,17976,16587,16162,13961,12989,12334,4015,3599,3827,0,0,0,79,26,22,0.5,1.7,0.81,0.01,1007,88,1341,81,287,4,4043,1344,1503,572,83,17
"""4934750""","""Henrieville""",0.00,2.16,0.71,857.73,61,71,49,24,30,19,37,41,30,11.06,0.01,2.22,2,2,24816,22242,25284,2,2,2,15736,14052,16270,12077,10768,12541,3616,3242,3684,43,42,45,37,36,38,0.7,0.5,0.48,0.00,230,66,273,75,832,2,5284,853,968,453,78,22
"""4934970""","""Herriman""",2.72,21213.07,5634.09,13312.50,55,65,61,30,38,35,25,27,26,11.24,12.70,2.08,2,2,25107,22439,23069,2,2,2,15587,13484,13858,11877,10170,10449,3660,3270,3361,49,45,47,44,40,42,1.9,2.2,3.17,0.42,9998,71,9103,88,35,32,1652,1572,1710,980,74,26
"""4935120""","""Hideout""",0.00,7.84,3.39,2131.24,57,68,67,30,38,37,27,30,30,10.36,0.02,2.38,2,2,27981,25444,25585,1,1,1,17713,15898,15968,13611,12171,12221,4079,3707,3728,23,19,19,20,16,16,1.3,0.6,1.70,0.00,521,77,708,79,595,3,5373,1673,2043,1071,62,38
"""4935190""","""Highland""",10.32,15664.64,3605.70,5513.01,67,79,73,39,49,45,28,30,27,12.36,10.14,2.29,2,2,27816,25032,24476,0,0,0,17131,14919,14762,13076,11272,11196,4055,3647,3566,0,0,0,0,0,0,2.2,1.0,1.17,0.65,8832,95,10024,89,17,85,1174,2034,2061,749,91,9
"""4935300""","""Hildale""",0.04,159.25,23.63,3581.31,57,69,54,27,34,26,30,35,29,12.52,0.09,2.12,2,2,25588,23361,25311,1,2,1,15271,14213,15396,11532,10797,11698,3728,3404,3688,10,12,10,25,30,25,1.7,0.3,0.43,0.01,395,86,456,78,413,3,3840,1154,1236,1061,51,49
"""4935740""","""Hinckley""",0.19,204.26,70.58,3190.86,56,67,53,25,31,24,31,36,29,11.23,0.27,2.26,2,2,26735,24118,25753,1,1,1,16196,14885,15885,12275,11346,12106,3896,3514,3753,26,24,27,22,21,23,1.0,0.3,0.26,0.02,530,90,411,77,108,11,3004,1056,1106,764,85,15
"""4935960""","""Holden""",0.00,1.49,0.55,342.64,55,66,52,21,27,20,34,39,32,11.14,0.02,2.47,2,2,27287,24680,26304,2,1,2,17446,16199,17160,13442,12576,13299,3976,3596,3833,28,27,29,24,23,25,0.1,0.4,0.43,0.00,329,96,351,76,391,3,3763,920,974,565,87,13
"""4936070""","""Holladay""",23.31,30687.15,11552.30,5430.91,56,66,62,33,42,39,23,24,23,8.57,24.20,1.90,2,2,22072,19663,20225,4,4,4,14153,12033,12438,10841,9079,9400,3217,2865,2947,95,89,91,85,81,82,4.2,7.8,3.03,2.13,23677,70,39867,90,12,152,1144,1730,1892,826,75,25
"""4936290""","""Honeyville""",0.96,885.50,290.07,7508.12,50,59,56,23,28,27,28,30,29,11.44,0.77,2.35,2,2,28246,25473,26146,0,0,0,17538,15473,15815,13404,11756,11999,4117,3712,3810,17,5,7,15,4,6,0.8,0.8,0.33,0.04,1282,96,1303,81,84,10,2463,1208,1243,297,90,10
"""4936400""","""Hooper""",2.88,7930.71,2275.81,16753.95,59,70,67,33,41,38,27,29,28,12.40,5.48,2.27,2,2,27709,24853,25547,0,0,0,16995,14877,15235,12947,11254,11511,4039,3621,3722,9,2,2,8,1,1,0.3,2.6,0.35,0.14,4895,99,3747,84,58,12,3398,1728,1733,455,96,4
"""4936620""","""Howell""",0.09,74.75,23.30,22569.93,52,61,59,22,27,26,30,34,33,11.96,0.01,2.64,2,3,28677,25880,26560,2,1,1,19326,17306,17621,15083,13487,13699,4180,3771,3870,63,49,51,57,44,46,0.0,0.8,0.29,0.00,348,93,439,77,1018,2,5658,1165,1198,582,95,5
"""4936730""","""Hoytsville""",0.32,386.11,107.88,2837.57,35,42,57,17,21,29,18,21,28,12.12,1.84,2.28,2,2,26748,23985,25464,1,0,0,16891,15439,15084,12991,11943,11373,3899,3496,3710,0,0,0,53,4,5,1.0,0.4,0.25,0.04,1271,84,1425,82,70,8,3844,1305,1466,838,75,25
"""4936950""","""Huntington""",0.35,378.58,135.55,1440.46,48,55,44,19,24,18,28,31,26,10.23,1.00,1.93,2,2,24961,22315,24470,2,2,2,14164,12392,14172,10490,9106,10570,3637,3253,3566,37,33,36,31,28,31,2.9,5.0,1.33,0.09,860,69,873,77,56,17,1673,802,853,645,80,20
"""4937060""","""Huntsville""",0.13,159.33,55.25,499.25,54,64,61,29,36,34,25,28,27,10.44,1.16,2.13,2,2,26856,24055,24735,1,1,1,16104,14115,14454,12146,10588,10824,3915,3505,3604,43,22,26,39,20,23,3.2,2.7,0.37,0.11,1504,68,1755,81,37,34,2375,1530,1632,1090,81,19
"""4937170""","""Hurricane""",2.54,9251.52,3096.77,32888.47,54,65,51,26,32,24,28,32,27,10.22,2.85,1.97,2,2,25276,22746,24891,1,1,1,14417,13175,14441,10729,9856,10810,3683,3314,3627,5,4,4,11,10,10,2.7,1.4,2.00,0.09,1558,77,1506,81,83,14,2655,1095,1143,1011,68,32
"""4937390""","""Hyde Park""",2.63,4188.84,1136.37,2778.55,65,77,58,33,41,31,32,35,28,12.04,7.36,2.19,2,2,27178,24609,25261,0,0,0,15885,14238,14889,11925,10652,11208,3960,3586,3681,0,0,0,0,0,0,1.4,1.4,1.40,0.41,4041,96,5105,86,30,46,1621,1384,1423,989,91,9
"""4937500""","""Hyrum""",3.04,3721.82,984.39,3058.15,58,69,52,27,34,25,31,35,27,11.84,5.07,2.14,2,2,26693,24097,24747,1,1,1,15565,14018,14652,11664,10494,11032,3889,3511,3606,11,13,13,10,11,11,2.5,1.0,1.53,0.32,2468,82,2784,84,28,41,1403,1134,1175,497,83,17
"""4937690""","""Independence""",0.23,831.57,244.15,19570.86,64,76,75,37,46,46,27,30,30,12.19,1.16,2.41,2,2,29110,26281,26437,0,0,0,17981,15904,15984,13731,12073,12130,4243,3829,3852,7,2,2,6,2,2,1.2,0.7,1.59,0.01,1437,93,1621,82,186,4,5092,2055,2098,123,91,9
"""4938710""","""Ivins""",1.45,3702.93,1282.60,6033.04,60,71,56,32,39,30,28,32,26,10.10,9.10,1.97,2,2,24367,21916,24036,1,1,1,14261,12898,14240,10702,9695,10729,3551,3193,3502,9,9,8,21,21,19,1.7,1.8,1.56,0.21,3777,93,2591,83,45,27,1697,1335,1397,1144,73,27
"""4939040""","""Jensen""",0.00,10.64,3.23,2062.47,52,62,62,26,32,32,27,30,30,11.62,0.02,2.40,2,2,27612,24908,25451,3,2,2,17748,15869,16098,13675,12200,12349,4025,3629,3709,48,40,40,41,34,34,0.7,1.5,0.09,0.00,294,72,371,76,580,3,4613,1428,1495,1181,79,21
"""4939370""","""Joseph""",0.00,3.16,0.96,580.65,64,75,55,28,35,24,36,40,31,11.86,0.02,2.36,2,2,26368,23821,26023,2,2,2,16725,14915,16848,12850,11410,13021,3842,3472,3792,33,33,35,28,28,30,0.2,0.5,0.29,0.00,265,91,304,76,402,3,4417,1069,1098,919,84,16
"""4939590""","""Junction""",0.11,102.42,29.35,8442.88,68,81,47,25,32,17,43,49,30,11.44,0.04,2.21,2,2,26400,23968,25766,2,2,2,15293,14214,16341,11415,10685,12550,3848,3494,3754,30,35,36,25,30,31,0.6,0.3,0.28,0.00,250,85,285,76,411,3,3989,760,800,625,77,23
"""4939810""","""Kamas""",0.21,270.47,87.32,2355.53,36,43,58,17,22,30,19,22,29,11.60,1.19,2.34,2,2,27282,24436,25985,1,0,0,17355,15909,15542,13378,12347,11755,3977,3562,3786,0,0,0,57,7,7,0.7,0.6,1.05,0.04,1093,87,1437,82,129,10,2672,1327,1444,852,81,19
"""4939920""","""Kanab""",1.70,1741.87,705.30,9253.33,44,52,41,21,26,20,28,32,27,9.73,4.08,1.93,2,2,23885,21439,24586,1,1,1,14025,12752,14439,10522,9607,10833,3480,3124,3582,23,20,24,19,17,20,0.8,1.9,0.83,0.08,1058,84,840,78,86,11,3176,885,928,697,77,23
"""4940030""","""Kanarraville""",0.00,2.87,1.08,284.72,65,76,53,26,32,21,39,43,31,10.25,0.04,2.40,2,2,27553,24913,26393,1,1,1,17094,15219,16940,13059,11568,13071,4015,3631,3846,20,20,24,17,17,20,0.1,0.3,0.35,0.00,372,91,433,77,473,3,4433,946,967,775,89,11
"""4940250""","""Kanosh""",0.00,0.57,0.22,542.93,56,68,53,22,27,21,35,40,33,10.34,0.00,2.55,2,3,27220,24663,26255,2,2,2,17875,16694,17620,13875,13067,13759,3966,3594,3826,34,33,35,29,28,30,0.0,0.6,0.29,0.00,243,95,295,76,990,2,6022,932,963,778,83,17
"""4940360""","""Kaysville""",12.45,25504.17,7131.25,6709.03,54,63,60,29,37,35,25,26,26,10.92,16.15,2.10,2,2,24835,22237,22864,2,2,2,15635,13442,13826,11978,10169,10461,3620,3240,3332,37,32,33,33,29,30,2.5,3.1,2.03,1.06,10335,86,10037,87,14,103,1180,1555,1563,601,85,15
"""4940470""","""Kearns""",21.15,34304.71,9312.85,2964.51,47,54,51,23,29,27,24,25,24,10.14,35.82,2.00,2,2,22646,20267,20799,4,4,4,14818,12624,13035,11414,9570,9902,3301,2953,3031,103,101,103,93,91,93,4.3,5.2,4.41,3.14,24310,91,20995,89,8,219,858,1202,1173,950,80,20
"""4941020""","""Kenilworth""",0.00,4.13,1.62,480.95,53,62,47,20,25,17,33,37,29,10.65,0.04,2.18,2,2,24942,22396,25315,2,2,2,15520,13807,15840,11854,10514,12118,3634,3264,3689,31,29,33,27,24,28,0.9,0.8,0.75,0.00,380,71,462,77,614,2,5144,777,769,801,74,26
"""4941350""","""Kingston""",0.01,8.70,2.68,3449.29,71,85,50,26,33,18,45,53,32,11.00,0.01,2.38,2,2,26854,24317,26096,2,2,2,16235,15122,17254,12291,11544,13413,3914,3544,3802,30,34,38,26,29,32,0.0,0.7,0.28,0.00,233,90,275,75,603,2,4951,789,816,568,89,11
"""4941680""","""Koosharem""",0.00,1.33,0.44,573.32,60,71,52,24,30,20,37,41,32,10.80,0.01,2.41,2,2,26373,23828,26022,2,2,2,16985,15181,17110,13106,11672,13280,3843,3473,3792,36,36,38,30,30,32,0.1,0.8,0.27,0.00,240,90,289,75,576,3,4711,916,971,626,84,16
"""4942230""","""Lake Shore""",0.78,745.43,214.49,6970.42,57,67,62,27,34,31,30,33,30,10.66,0.33,2.45,2,2,29874,27103,26539,0,0,0,18351,16325,16233,13996,12375,12365,4355,3949,3867,0,0,0,0,0,0,0.8,0.2,0.54,0.03,2384,91,3535,86,179,8,3246,1412,1506,944,82,18
"""4942560""","""Laketown""",0.01,8.06,2.58,1609.46,59,71,55,27,34,25,32,37,30,10.31,0.02,2.25,2,2,26884,24294,25343,2,2,2,16200,15070,15970,12247,11494,12240,3917,3540,3693,36,36,37,31,31,32,1.3,0.9,0.19,0.00,308,71,391,76,340,5,4341,1135,1301,615,76,24
"""4943110""","""La Sal""",0.02,22.36,9.30,30600.80,64,76,50,25,31,19,39,44,31,,,2.27,2,2,26877,24510,25217,2,3,3,16331,14761,16437,12373,11140,12713,3916,3573,3674,41,49,50,35,42,42,0.5,1.4,0.09,0.00,210,77,250,74,1408,2,7787,868,989,631,66,34
"""4943440""","""La Verkin""",1.64,3621.82,1103.73,8174.38,55,65,52,26,32,24,29,33,27,10.94,8.71,2.03,2,2,25474,22905,25055,1,1,1,14755,13437,14732,11037,10095,11075,3712,3338,3651,6,5,5,14,12,13,1.3,0.8,1.65,0.14,1633,87,1032,80,61,17,2435,1095,1126,975,79,21
"""4943660""","""Layton""",33.82,67492.34,21543.05,14101.02,48,55,53,24,30,29,23,25,24,10.00,22.20,1.99,2,2,23700,21133,21753,3,2,2,14870,12780,13147,11363,9654,9931,3455,3079,3170,52,46,47,47,42,42,4.0,3.5,3.89,1.53,12955,71,16206,89,13,119,1228,1288,1348,893,71,29
"""4943880""","""Leamington""",0.00,5.98,1.70,982.97,54,65,52,21,27,21,33,38,31,12.04,0.02,2.39,2,2,26933,24510,26048,1,2,2,16934,15772,16705,12983,12173,12881,3924,3571,3795,26,28,28,23,24,24,0.4,0.3,0.31,0.00,289,94,364,77,515,3,4356,922,994,746,71,29
"""4944100""","""Leeds""",0.10,141.48,49.43,4027.13,58,69,54,26,32,24,32,37,30,10.06,0.12,2.25,2,2,26555,23882,26054,1,1,1,16147,14894,16106,12270,11407,12302,3869,3480,3796,8,7,8,19,17,20,0.5,0.6,0.97,0.01,605,86,616,78,252,4,2836,1090,1152,736,85,15
"""4944320""","""Lehi""",29.69,50153.13,12819.97,17523.54,56,66,60,30,37,34,27,29,26,11.42,13.55,2.20,2,2,26850,24122,23587,1,1,1,16519,14375,14236,12588,10846,10786,3914,3515,3437,18,14,13,16,13,12,3.2,0.7,2.53,0.73,8000,78,10334,89,16,75,1281,1524,1564,1005,81,19
"""4944650""","""Levan""",0.00,1.24,0.39,516.82,49,58,53,19,24,22,30,34,31,10.78,0.01,2.53,2,2,28861,26330,25787,2,2,2,18704,16828,16784,14467,12964,12998,4207,3837,3757,30,27,28,26,23,24,0.5,0.5,0.77,0.00,334,87,417,77,544,3,4574,994,1089,739,73,27
"""4944760""","""Lewiston""",0.80,1169.46,366.29,16236.40,58,69,53,24,30,22,34,39,30,11.72,0.29,2.37,2,2,28251,25664,26291,1,1,1,17034,15628,16237,12908,11877,12393,4116,3740,3831,10,12,13,8,10,11,0.3,0.3,0.21,0.02,758,96,927,80,243,4,3842,1007,1049,729,87,13
"""4944870""","""Liberty""",0.04,119.37,41.07,3746.10,60,71,68,32,40,38,28,31,30,10.99,0.14,2.38,2,2,28282,25432,26125,1,0,0,17748,15750,16075,13603,12033,12256,4123,3706,3807,22,11,13,20,10,11,0.6,2.0,0.30,0.01,1855,84,2034,82,272,6,2756,1692,1731,744,88,12
"""4945090""","""Lindon""",6.90,10591.10,2598.06,5352.46,60,71,65,33,42,38,27,29,27,10.94,8.07,2.22,2,2,26891,24207,23688,1,1,1,16634,14466,14317,12702,10928,10856,3920,3527,3452,12,10,10,11,9,9,2.7,1.9,1.39,0.49,10092,86,15920,90,22,71,1392,1725,1854,764,82,18
"""4945530""","""Loa""",0.00,5.24,1.61,607.69,65,76,50,25,31,19,40,44,31,11.66,0.03,2.26,2,2,26154,23632,26074,1,1,1,16142,14376,16468,12316,10914,12650,3811,3445,3799,15,17,18,13,14,16,0.5,0.7,0.32,0.00,643,84,711,79,419,3,4011,853,934,544,79,21
"""4945860""","""Logan""",33.29,45559.56,14794.37,11481.82,46,54,42,20,25,19,26,29,23,8.80,25.34,1.79,2,2,22196,19872,20498,2,2,1,13014,11585,12201,9751,8662,9187,3234,2896,2987,29,28,27,25,24,23,4.5,3.2,3.24,1.29,10326,44,17559,89,15,87,1828,850,936,629,42,58
"""4946410""","""Lyman""",0.01,9.97,3.06,1155.57,65,76,50,25,31,19,40,44,31,11.66,0.03,2.26,2,2,26154,23632,26074,1,1,1,16142,14376,16468,12316,10914,12650,3811,3445,3799,15,17,18,13,14,16,0.5,0.7,0.32,0.00,643,84,711,79,419,3,4011,853,934,544,79,21
"""4946740""","""Lynndyl""",0.01,12.16,3.46,1999.31,54,65,52,21,27,21,33,38,31,12.04,0.02,2.39,2,2,26933,24510,26048,1,2,2,16934,15772,16705,12983,12173,12881,3924,3571,3795,26,28,28,23,24,24,0.4,0.3,0.31,0.00,289,94,364,77,515,3,4356,922,994,746,71,29
"""4947180""","""Maeser""",2.12,4099.67,1277.38,4141.21,45,53,53,21,27,27,24,26,27,11.40,5.15,2.11,2,2,26997,24268,24832,1,0,0,15992,14042,14306,12043,10499,10681,3935,3536,3618,14,6,7,12,5,6,2.1,2.5,0.87,0.31,2222,74,2638,82,69,28,2231,1190,1273,939,74,26
"""4947290""","""Magna""",14.00,23869.87,6795.06,5016.00,48,55,52,23,29,27,25,26,25,10.82,29.21,2.03,2,2,24618,22027,22631,3,3,3,15250,13121,13502,11585,9845,10135,3589,3210,3298,76,66,69,69,59,62,3.5,5.1,3.88,1.35,11062,92,11188,87,15,92,2400,1195,1209,1054,82,18
"""4947620""","""Manila""",0.00,1.15,0.39,663.05,51,61,56,24,30,25,27,31,30,9.22,0.01,2.21,2,2,21983,19255,25301,2,2,3,15264,14172,16418,12024,11336,12685,3203,2806,3687,37,30,46,31,26,39,0.5,1.2,0.52,0.00,237,63,295,75,592,2,5397,1135,1144,1069,88,12
"""4947730""","""Manti""",0.15,265.54,91.05,1377.66,55,65,51,24,30,23,31,35,29,10.78,1.08,2.14,2,2,25851,23287,25385,1,1,1,15412,14099,15408,11629,10690,11693,3767,3393,3699,15,16,16,13,14,14,1.8,0.1,1.29,0.07,910,87,706,80,65,13,2039,1018,1101,706,79,21
"""4947840""","""Mantua""",0.18,145.91,46.92,3141.41,52,60,58,23,29,28,28,31,30,11.75,0.27,2.41,2,2,28290,25487,26168,0,0,0,17908,15805,16152,13768,12086,12331,4124,3714,3813,17,6,8,15,5,7,0.3,1.6,0.66,0.01,1887,95,1998,82,145,6,2782,1247,1278,477,92,8
"""4947950""","""Mapleton""",3.80,7892.76,1862.37,8136.19,65,77,70,36,45,42,28,31,28,12.63,6.28,2.33,2,2,28649,25900,25351,0,0,0,17488,15360,15236,13311,11586,11542,4176,3774,3694,1,0,0,0,0,0,1.3,0.3,0.91,0.23,5298,95,4669,87,30,41,1352,1878,1932,1230,86,14
"""4948170""","""Marion""",0.14,208.43,67.17,3720.43,37,44,59,17,22,30,19,22,30,12.03,0.22,2.42,2,2,27569,24766,26295,1,0,0,17808,16411,15993,13789,12801,12161,4019,3610,3832,0,0,0,70,20,16,0.6,1.0,0.83,0.02,984,92,1254,81,234,7,2836,1330,1396,1075,80,20
"""4948300""","""Marriott-Slaterville""",1.66,3437.54,921.61,4636.05,53,62,59,27,34,32,26,28,28,11.41,2.82,2.22,2,2,27103,24290,24973,0,0,0,16643,14527,14888,12675,10970,11232,3951,3539,3639,17,18,17,16,16,16,2.0,1.6,0.88,0.20,5033,83,8252,88,35,24,1705,1430,1515,675,87,13
"""4948610""","""Marysvale""",0.03,27.10,8.40,11520.16,72,86,50,26,33,18,45,53,32,10.96,0.01,2.39,2,2,26892,24346,26123,2,2,2,16314,15198,17330,12364,11616,13486,3920,3549,3806,30,34,38,26,29,33,0.0,0.7,0.28,0.00,232,90,275,75,619,2,4968,792,817,563,90,10
"""4948720""","""Mayfield""",0.00,1.71,0.59,571.75,62,75,58,28,35,26,35,40,32,10.34,0.01,2.49,2,3,27041,24404,26482,1,1,1,17490,16292,17490,13530,12715,13608,3940,3556,3859,21,20,24,18,17,20,0.0,0.3,0.45,0.00,400,95,417,77,530,2,5340,1160,1190,944,88,12
"""4948830""","""Meadow""",0.00,0.34,0.13,324.36,56,68,53,22,27,21,35,40,33,10.34,0.00,2.55,2,3,27220,24663,26255,2,2,2,17875,16694,17620,13875,13067,13759,3966,3594,3826,34,33,35,29,28,30,0.0,0.6,0.29,0.00,243,95,295,76,990,2,6022,932,963,778,83,17
"""4949160""","""Mendon""",0.05,97.84,29.12,898.08,74,89,67,40,50,37,34,39,30,12.03,0.39,2.38,2,2,28710,25958,26636,0,0,0,17113,15736,16342,12930,11953,12461,4183,3782,3881,0,0,0,0,0,0,0.1,0.7,0.55,0.03,1399,96,1505,82,213,6,2919,1662,1711,1075,92,8
"""4949380""","""Mexican Hat""",0.00,1.61,0.75,5226.33,58,68,45,19,24,15,39,44,30,8.71,0.00,2.28,2,2,26764,24282,24898,3,3,3,16332,14764,16379,12382,11171,12696,3900,3539,3628,50,54,55,43,46,47,0.4,1.5,0.20,0.00,198,62,234,74,2273,1,9044,653,749,425,70,30
"""4949710""","""Midvale""",19.45,30058.29,11487.94,3784.22,43,50,47,22,28,26,21,22,21,7.60,27.34,1.72,2,2,19666,17403,17902,9,9,9,12897,11000,11333,9794,8236,8492,2867,2536,2609,237,227,233,213,205,210,7.5,6.2,7.30,3.04,26272,38,42360,91,9,180,966,1149,1262,916,45,55
"""4949820""","""Midway""",0.20,665.73,213.41,3292.56,54,64,64,29,36,35,26,28,28,11.73,1.78,2.27,2,2,27966,25236,25389,0,0,0,17037,15034,15115,12959,11357,11415,4077,3677,3699,2,0,0,2,0,0,1.4,0.4,0.92,0.06,3206,83,3441,85,77,13,2468,1592,1815,985,74,26
"""4950040""","""Milford""",1.00,1271.73,474.19,1370.26,50,59,46,22,28,21,28,31,25,9.33,13.71,1.95,2,2,23120,20851,22404,1,1,1,13978,12588,13679,10588,9529,10395,3369,3038,3265,21,21,19,17,18,16,1.2,0.4,0.65,0.35,720,91,935,80,4,71,5573,936,1038,667,73,27
"""4950150""","""Millcreek""",41.97,57381.44,22630.01,8294.13,48,56,52,27,33,31,21,23,22,7.69,29.71,1.78,2,2,20325,18061,18572,7,6,7,13308,11299,11675,10178,8508,8806,2963,2632,2706,168,159,164,151,144,147,4.7,7.8,4.46,2.73,28116,55,48544,91,11,171,1268,1384,1507,820,60,40
"""4950370""","""Millville""",0.98,2064.15,538.00,1515.62,64,76,58,32,40,30,32,36,28,12.36,5.83,2.21,2,2,27088,24480,25138,0,0,0,15970,14321,14972,12023,10752,11307,3947,3567,3663,0,2,2,0,2,2,1.3,1.4,1.01,0.35,4269,97,4721,85,27,43,1728,1343,1369,994,94,6
"""4950590""","""Minersville""",0.21,151.33,58.67,1390.12,59,70,54,28,35,26,31,35,28,10.48,1.65,2.13,2,2,25761,23307,24981,2,1,2,15350,14000,15071,11568,10577,11402,3754,3396,3640,28,27,29,24,23,25,0.6,0.2,0.32,0.04,539,94,359,77,33,9,5574,1184,1250,913,80,20
"""4950700""","""Moab""",2.76,3593.56,1318.64,3046.68,62,72,48,30,37,23,32,35,25,9.89,8.72,1.81,2,2,22849,20488,23576,0,0,0,13164,11449,13733,9834,8462,10297,3329,2986,3435,1,0,1,1,0,1,4.4,0.5,2.09,0.43,2315,62,3851,85,16,59,2617,1026,1137,544,62,38
"""4951140""","""Mona""",0.01,26.85,6.20,1584.83,53,63,58,23,29,27,30,34,31,13.07,0.05,2.53,2,2,29527,26873,26294,1,1,1,18783,16809,16728,14461,12880,12883,4304,3916,3831,18,13,14,15,11,12,0.2,0.3,0.60,0.00,519,91,666,79,403,3,3807,1193,1308,645,83,17
"""4951360""","""Monroe""",0.18,280.28,94.53,2294.91,57,66,49,24,30,21,33,36,28,10.86,0.71,2.11,2,2,25739,23048,25364,1,1,2,15234,13395,15322,11456,10012,11598,3750,3360,3696,27,24,28,23,20,24,1.0,0.8,0.56,0.04,779,77,551,78,112,10,2755,923,954,757,87,13
"""4951470""","""Montezuma Creek""",0.03,47.01,11.22,7676.32,63,73,48,24,29,18,39,44,30,11.29,0.02,2.26,2,2,27245,24565,25042,3,3,3,16306,14523,16017,12289,10896,12316,3970,3581,3649,47,47,53,40,40,45,0.7,1.6,0.15,0.00,203,64,233,74,291,6,3666,815,831,585,92,8
"""4951580""","""Monticello""",0.38,422.83,117.00,2309.75,64,74,49,28,35,22,35,39,27,10.61,0.92,1.99,2,2,26525,24007,24780,1,1,1,14692,12940,14494,10805,9415,10857,3865,3499,3611,22,26,26,18,22,22,1.9,2.5,0.62,0.05,702,72,1083,79,85,10,3772,975,1089,640,74,26
"""4951910""","""Morgan""",0.34,616.52,185.96,1896.90,53,62,60,26,33,31,27,30,29,11.97,1.73,2.29,2,2,28163,25356,26038,0,0,0,17180,15125,15469,13074,11430,11675,4105,3695,3794,1,0,0,1,0,0,0.8,1.4,1.04,0.10,2104,94,2346,83,78,16,2593,1396,1468,782,90,10
"""4952130""","""Moroni""",0.08,144.70,42.47,680.72,54,64,50,23,29,22,31,35,29,11.47,0.72,2.16,2,2,26156,23482,25597,1,1,1,15581,14249,15529,11751,10811,11780,3811,3422,3730,18,16,20,16,14,17,1.2,0.6,1.08,0.06,923,88,774,79,72,14,1593,967,1006,672,88,12
"""4952460""","""Mountain Green""",0.20,342.03,93.71,3471.47,62,74,70,36,45,42,26,29,28,12.28,0.57,2.21,2,2,27596,24934,25578,0,0,0,16639,14760,15069,12613,11126,11341,4023,3633,3727,2,1,1,2,1,1,1.0,2.6,0.63,0.03,2294,80,2733,83,249,7,3837,1901,2281,1052,69,31
"""4953010""","""Mount Pleasant""",1.04,1489.08,398.60,1874.62,48,57,45,20,26,19,28,31,26,9.69,9.60,1.93,2,2,23378,20996,23114,1,1,1,13925,12620,14024,10505,9546,10647,3406,3059,3368,14,15,9,12,13,8,1.3,0.1,0.84,0.21,1578,81,1483,83,16,31,2838,859,1073,460,65,35
"""4953230""","""Murray""",33.96,48830.47,18887.80,7888.81,45,52,49,24,30,27,21,23,22,7.93,23.63,1.77,2,2,20438,18069,18613,8,8,8,13267,11288,11657,10087,8464,8749,2979,2633,2712,201,191,195,181,172,176,6.1,8.2,7.31,2.39,27729,52,52915,91,11,192,969,1226,1281,951,62,38
"""4953340""","""Myton""",0.01,5.91,2.21,645.03,44,52,49,19,24,21,26,28,27,9.89,0.03,2.09,2,2,25075,22423,24395,3,3,3,15628,13924,14774,11919,10610,11171,3655,3267,3555,53,47,48,45,40,41,2.6,1.5,0.61,0.00,272,51,362,76,404,4,4103,960,999,887,65,35
"""4953560""","""Naples""",0.95,2630.27,765.82,4218.72,45,52,52,21,27,26,23,26,26,11.56,3.14,2.03,2,2,26769,24014,24582,1,0,0,15529,13636,13894,11611,10131,10305,3902,3499,3582,16,6,7,13,5,6,1.8,5.6,0.57,0.18,2519,67,3788,82,91,19,2748,1187,1266,1005,71,29
"""4953890""","""Navajo Mountain""",0.05,48.14,8.88,21333.89,68,79,52,25,31,19,43,48,32,12.38,0.01,2.49,2,2,27967,25310,25809,2,2,3,17670,15889,17402,13555,12159,13593,4075,3689,3761,40,41,48,34,35,41,0.0,1.4,0.04,0.00,203,75,235,74,3288,1,14424,868,892,488,94,6
"""4954110""","""Neola""",0.02,31.53,10.78,2411.54,51,60,57,24,29,27,28,31,30,10.99,0.05,2.30,2,2,26351,23582,25621,2,2,2,17036,15179,16060,13154,11710,12289,3841,3436,3733,41,33,37,35,28,32,0.4,1.0,0.08,0.00,324,73,383,76,565,3,5641,1199,1257,895,84,16
"""4954220""","""Nephi""",2.92,3973.54,1321.50,2923.18,46,53,49,19,24,22,26,29,26,10.47,9.27,2.17,2,2,27247,24612,24076,1,0,0,16394,14298,14180,12408,10706,10667,3972,3586,3508,14,6,5,12,5,4,2.0,1.7,1.24,0.45,1642,88,2057,82,12,58,1962,999,1044,573,84,16
"""4954330""","""Newcastle""",0.01,11.32,3.69,2544.53,61,72,50,26,32,21,35,39,29,10.33,0.01,2.13,2,2,25728,23314,24723,2,2,2,15385,13768,15384,11609,10340,11751,3749,3398,3602,28,30,30,24,26,26,2.9,0.1,0.15,0.00,322,58,396,78,407,3,4014,949,1097,773,54,46
"""4954440""","""New Harmony""",0.01,3.59,1.64,386.49,67,81,63,34,43,32,33,38,31,9.95,0.04,2.34,2,2,26664,24173,26251,1,1,1,16648,15478,16666,12755,11947,12832,3885,3522,3825,8,9,9,20,21,21,0.3,0.2,0.13,0.00,455,95,428,78,524,3,4662,1439,1630,857,75,25
"""4954550""","""Newton""",0.02,26.98,7.78,546.67,66,80,61,32,39,29,35,40,31,12.07,0.17,2.45,2,2,28746,25994,26657,0,0,1,17526,16128,16737,13328,12333,12843,4189,3788,3884,9,7,10,8,6,8,0.1,0.3,0.43,0.01,630,99,757,80,148,5,2869,1324,1324,,97,3
"""4954660""","""Nibley""",1.03,3099.05,748.88,2671.61,64,75,58,32,40,30,32,36,28,12.52,4.22,2.22,2,2,27334,24763,25413,0,0,0,16084,14459,15105,12101,10849,11401,3983,3608,3703,0,1,1,0,1,1,1.4,1.1,1.05,0.28,3855,96,4417,85,44,31,1808,1326,1371,1310,90,10
"""4954990""","""North Logan""",4.33,8730.06,2706.57,4549.45,54,64,49,27,33,25,28,31,24,10.31,10.69,1.92,2,2,24468,21983,22631,1,1,1,14004,12520,13145,10427,9304,9835,3565,3203,3298,12,13,12,10,11,10,2.6,3.6,1.96,0.59,6916,59,12319,88,28,52,1623,1116,1056,790,60,40
"""4955100""","""North Ogden""",8.71,16358.01,5179.21,4684.55,50,58,55,25,31,29,25,27,26,10.50,17.16,2.12,2,2,24944,22358,22983,3,2,3,15846,13645,14029,12090,10281,10572,3636,3258,3349,119,106,108,108,96,98,2.6,1.8,2.00,1.11,8341,86,5840,86,14,93,1282,1317,1360,905,84,16
"""4955210""","""North Salt Lake""",4.94,14096.78,4390.87,5399.36,51,60,57,28,35,33,23,25,24,10.33,13.23,1.97,2,2,23976,21474,22077,2,1,2,14797,12654,13033,11270,9496,9788,3495,3129,3217,32,28,29,29,26,26,4.3,5.9,3.69,0.81,10993,63,18810,88,20,63,1391,1490,1589,652,75,25
"""4955430""","""Oak City""",0.00,3.42,0.97,562.84,54,65,52,21,27,21,33,38,31,12.04,0.02,2.39,2,2,26933,24510,26048,1,2,2,16934,15772,16705,12983,12173,12881,3924,3571,3795,26,28,28,23,24,24,0.4,0.3,0.31,0.00,289,94,364,77,515,3,4356,922,994,746,71,29
"""4955650""","""Oakley""",0.16,250.05,80.03,4404.10,37,44,59,17,22,29,19,22,30,12.02,0.22,2.40,2,2,27504,24734,26236,1,0,0,17730,16343,15918,13721,12738,12095,4009,3606,3823,0,0,0,70,21,16,0.7,1.0,0.78,0.02,1011,92,1258,81,231,7,2851,1320,1394,1078,78,22
"""4955760""","""Oasis""",0.00,0.86,0.32,244.50,56,67,53,24,30,23,32,37,30,10.71,0.01,2.29,2,2,26279,23613,25263,2,2,2,16321,15134,16064,12451,11656,12343,3829,3441,3681,41,37,40,35,31,34,1.2,0.4,0.10,0.00,262,66,319,76,439,3,5077,1042,1042,,77,23
"""4955980""","""Ogden""",58.95,82125.51,29540.06,17408.38,40,46,44,18,23,22,22,23,23,8.42,24.62,1.85,2,2,21930,19605,20162,4,4,4,13946,11935,12292,10584,8926,9200,3197,2857,2938,165,153,154,149,138,139,5.8,5.7,3.66,1.70,14399,63,20291,89,10,117,1010,967,976,696,55,45
"""4956440""","""Oljato-Monument Valley""",0.06,137.66,21.92,18560.17,56,65,43,16,20,13,40,45,30,12.90,0.02,2.29,2,2,27391,24784,25315,2,3,3,16516,14793,16316,12480,11133,12575,3991,3613,3689,45,47,52,39,40,44,0.2,1.4,0.20,0.00,201,68,233,74,988,2,5413,567,588,438,86,14
"""4956750""","""Ophir""",0.00,0.20,0.07,77.85,54,63,59,24,30,28,30,33,31,11.06,0.01,2.52,2,2,28220,25516,26181,1,1,1,18481,16540,16841,14362,12818,13022,4114,3718,3815,5,4,4,5,3,4,0.4,0.9,0.12,0.00,579,84,799,79,442,4,4581,1248,1393,633,81,19
"""4956860""","""Orangeville""",0.02,29.50,9.10,916.97,54,63,50,23,29,22,30,34,28,11.17,1.60,2.09,2,2,25873,23198,25415,1,1,1,15182,13355,15189,11397,9962,11471,3770,3381,3703,15,12,15,12,10,13,0.4,1.7,0.99,0.01,719,79,1201,80,175,4,4458,968,1041,600,83,17
"""4957080""","""Orderville""",0.05,51.14,15.63,5575.32,56,67,53,24,30,22,33,38,31,11.62,0.04,2.31,2,2,25446,22973,26142,2,2,2,16334,15175,16706,12597,11799,12867,3708,3347,3809,29,28,29,24,24,25,0.2,0.3,0.37,0.00,318,91,353,77,607,2,5306,994,1045,800,79,21
"""4957300""","""Orem""",55.47,89221.46,25432.26,11590.86,48,56,51,24,30,28,24,26,24,9.68,28.69,2.00,2,2,23672,21131,20674,3,3,3,14928,12862,12737,11419,9733,9679,3451,3079,3012,58,50,46,52,45,42,5.1,2.7,4.22,2.19,16070,59,27146,92,11,190,1038,1245,1375,875,61,39
"""4957630""","""Palmyra""",0.57,1599.72,300.22,7271.71,49,58,53,21,26,24,28,31,28,10.43,1.98,2.31,2,2,28869,26059,25495,0,0,0,17368,15399,15318,13160,11601,11603,4208,3797,3715,0,0,0,0,0,0,2.4,0.2,2.02,0.04,3544,71,5613,87,99,9,2481,1091,1160,827,75,25
"""4957740""","""Panguitch""",1.00,1132.64,409.80,1412.86,58,67,47,27,34,21,31,33,26,9.41,10.03,1.80,2,2,22896,20569,23463,1,1,1,13153,11401,13767,9790,8376,10323,3336,2998,3419,26,26,25,23,22,21,1.1,2.9,0.43,0.29,1044,91,939,79,8,41,3536,959,1006,784,79,21
"""4957850""","""Paradise""",0.26,279.25,87.95,888.21,64,76,58,32,39,29,32,37,29,11.73,1.34,2.24,2,2,27761,25103,25753,0,0,0,16249,14804,15421,12196,11140,11660,4045,3658,3753,7,6,8,6,5,7,1.0,1.4,0.33,0.10,1448,100,1204,80,40,28,1789,1323,1375,713,92,8
"""4957960""","""Paragonah""",0.00,1.24,0.47,429.57,64,74,52,24,31,20,39,44,32,10.69,0.01,2.42,2,2,27228,24733,26143,2,2,2,17190,15377,17089,13194,11742,13247,3968,3605,3809,28,30,32,24,26,27,0.1,0.4,0.46,0.00,283,93,319,76,597,3,5136,893,945,678,81,19
"""4958070""","""Park City""",6.56,6971.55,2797.62,11360.62,39,47,63,24,30,41,15,17,23,8.12,9.43,1.87,2,2,22602,19847,21294,6,5,6,13990,12557,12305,10693,9662,9200,3295,2893,3103,2,2,2,361,275,360,5.3,5.8,2.22,0.25,3614,42,9377,86,33,39,1652,1823,1620,1693,58,42
"""4958510""","""Parowan""",0.74,1128.09,415.03,4417.90,61,71,49,27,33,22,34,37,27,10.08,2.62,2.04,2,2,25773,23347,24774,1,1,1,14893,13064,14742,11121,9643,11113,3755,3403,3610,17,19,19,14,16,16,2.1,0.3,0.82,0.09,969,87,641,79,35,18,3097,977,1021,846,74,26
"""4958730""","""Payson""",11.13,15898.40,4474.07,7766.48,49,57,52,22,28,26,27,29,26,10.90,18.22,2.21,2,2,26275,23652,23154,1,1,1,16454,14283,14145,12600,10818,10755,3830,3446,3374,24,18,16,22,16,14,3.2,0.2,1.68,0.58,5375,78,5137,87,11,71,1313,1153,1243,764,76,24
"""4959280""","""Peoa""",0.07,122.03,38.99,1824.71,39,46,62,19,24,33,19,22,30,12.16,0.26,2.41,2,2,27673,24870,26389,1,0,0,17821,16414,16001,13787,12789,12156,4034,3625,3845,0,0,0,59,9,6,0.6,1.1,0.81,0.02,1102,94,1472,81,216,7,3028,1469,1556,1065,81,19
"""4959390""","""Perry""",2.98,4453.97,1369.97,5103.92,53,62,59,27,33,32,26,28,28,11.52,6.03,2.23,2,2,26939,24220,24879,1,1,1,16724,14500,14883,12751,10934,11220,3927,3529,3625,46,37,38,41,33,35,1.6,0.6,1.43,0.27,2886,87,2887,84,29,40,2466,1420,1486,1015,90,10
"""4959555""","""Peter""",0.63,957.40,280.82,13762.12,70,84,64,36,45,34,34,40,31,12.05,0.29,2.41,2,2,28727,25975,26646,0,0,0,17304,15916,16524,13114,12128,12637,4186,3785,3883,4,3,4,4,3,4,0.1,0.5,0.47,0.02,1045,97,1160,81,183,5,2886,1506,1533,580,95,5
"""4960270""","""Pine Valley""",0.01,14.87,5.26,2189.41,64,77,60,30,38,28,34,39,32,11.49,0.03,2.43,2,2,26965,24367,26487,1,1,1,17138,15929,17112,13200,12370,13243,3929,3551,3859,9,8,9,21,21,23,0.0,0.4,0.47,0.00,382,97,435,77,599,3,4200,1270,1335,895,85,15
"""4960710""","""Plain City""",2.86,4568.15,1394.30,7558.11,54,64,61,28,35,33,26,29,28,11.82,4.25,2.25,2,2,27799,24856,25572,0,0,0,16886,14771,15131,12833,11149,11405,4052,3622,3726,1,0,0,1,0,0,0.7,1.8,0.67,0.18,3403,90,4142,85,36,22,2838,1476,1476,10,97,3
"""4960930""","""Pleasant Grove""",19.81,32811.64,9116.23,5840.74,50,58,53,26,32,29,25,27,25,10.35,21.44,2.06,2,2,25092,22456,21964,2,1,1,15449,13389,13272,11758,10090,10048,3658,3272,3200,33,27,24,29,24,21,4.5,1.2,2.66,1.56,11422,61,15824,90,14,133,995,1319,1398,787,64,36
"""4961150""","""Pleasant View""",4.57,7666.53,2234.42,4457.63,57,67,64,31,39,37,26,28,27,11.37,7.04,2.19,2,2,26307,23571,24234,3,2,2,16421,14197,14583,12475,10664,10951,3835,3435,3531,111,98,100,100,88,90,1.9,2.3,1.43,0.50,5756,84,5224,85,28,59,1462,1653,1686,448,92,8
"""4961260""","""Plymouth""",0.00,3.86,1.22,391.32,54,64,61,25,31,29,30,33,32,11.63,0.04,2.56,2,2,28713,25899,26583,1,1,1,18846,16820,17141,14615,13015,13233,4186,3774,3873,45,31,34,41,28,31,0.0,0.4,0.43,0.00,463,90,598,78,550,2,4757,1317,1367,694,93,7
"""4961590""","""Portage""",0.01,16.12,5.12,1636.63,54,64,61,25,31,29,30,33,32,11.63,0.04,2.56,2,2,28713,25899,26583,1,1,1,18846,16820,17141,14615,13015,13233,4186,3774,3873,45,31,34,41,28,31,0.0,0.4,0.43,0.00,463,90,598,78,550,2,4757,1317,1367,694,93,7
"""4962030""","""Price""",4.79,5888.05,2034.24,3222.42,48,55,42,21,26,18,27,29,24,9.52,10.66,1.71,2,2,22567,20279,22960,0,0,0,12605,10940,12956,9309,7976,9602,3288,2956,3345,8,8,8,7,7,7,4.3,5.9,2.36,0.63,2989,70,4214,83,16,72,1411,820,1007,609,58,42
"""4962360""","""Providence""",3.61,6053.20,1950.25,2402.80,61,72,55,31,39,29,30,34,26,10.78,9.80,2.09,2,2,25961,23339,24015,0,0,0,15142,13567,14208,11356,10162,10705,3783,3401,3499,3,4,4,3,3,3,2.9,1.4,1.95,0.81,6454,76,8127,87,21,80,1311,1297,1357,742,81,19
"""4962470""","""Provo""",73.56,108862.27,30666.32,26654.44,43,49,45,20,25,23,22,24,22,8.76,41.14,1.85,2,2,21882,19458,19051,5,5,4,13849,11948,11878,10567,9030,9025,3190,2835,2776,93,82,76,84,74,69,3.9,2.9,3.09,1.15,16691,41,25082,91,11,85,1696,1045,1013,813,40,60
"""4962910""","""Randlett""",0.00,1.49,0.52,3360.22,53,63,63,24,30,29,29,33,33,10.68,0.00,2.71,3,3,28306,25420,25983,3,2,2,19639,17650,17864,15461,13904,14035,4126,3704,3786,52,41,43,45,35,37,0.0,1.2,0.02,0.00,224,78,273,75,1674,2,7366,1319,1319,0,98,2
"""4963020""","""Randolph""",0.00,1.78,0.42,667.20,56,67,52,22,27,21,34,40,32,12.57,0.01,2.43,2,2,27635,25012,26083,1,1,1,17286,16125,17008,13237,12458,13182,4027,3645,3801,22,23,26,19,20,22,0.3,1.0,0.39,0.00,400,85,520,77,437,3,4844,925,988,608,84,16
"""4963240""","""Redmond""",0.00,1.82,0.61,615.93,64,75,55,28,34,24,37,41,32,11.40,0.01,2.41,2,2,26414,23714,26003,2,2,2,16993,15142,17083,13108,11652,13256,3849,3457,3789,36,34,38,31,29,33,0.1,0.8,0.81,0.00,243,84,295,75,548,3,4548,1061,1061,0,93,7
"""4963570""","""Richfield""",3.92,5145.28,1804.12,3592.31,52,61,45,23,29,20,29,32,25,9.59,13.67,1.84,2,2,23417,21023,23267,0,0,0,13413,11677,13598,10001,8612,10208,3412,3064,3390,0,0,0,0,0,0,2.8,0.7,1.77,0.50,2672,73,3867,85,11,49,1517,900,851,555,60,40
"""4963680""","""Richmond""",0.23,375.38,118.12,2221.75,60,71,54,27,33,25,33,37,29,11.65,0.64,2.30,2,2,27842,25313,25927,1,1,1,16560,15088,15706,12490,11382,11911,4057,3688,3778,13,17,18,11,15,15,0.9,0.3,0.89,0.05,867,92,1010,81,146,7,2346,1120,1217,645,84,16
"""4964010""","""Riverdale""",4.52,7806.23,2774.86,2995.80,43,50,48,20,26,24,23,24,24,9.34,13.03,1.92,2,2,23250,20755,21356,2,2,2,14476,12371,12745,10989,9260,9545,3389,3024,3112,98,87,88,88,78,80,6.0,5.8,9.22,0.93,12705,60,21240,89,12,89,1158,1085,1181,726,69,31
"""4964120""","""River Heights""",1.05,1797.67,642.07,437.88,57,67,51,28,35,26,29,32,25,10.06,15.01,1.99,2,2,24490,22007,22665,0,0,0,14413,12830,13473,10842,9620,10167,3569,3207,3303,3,3,3,2,2,2,5.2,2.1,2.52,1.47,10112,67,14651,90,13,100,1099,1170,1271,932,70,30
"""4964230""","""Riverside""",0.28,486.04,153.19,4310.32,47,55,53,20,25,24,27,30,29,11.88,0.42,2.29,2,2,27731,25119,25750,1,1,1,17138,15195,15514,13067,11514,11740,4042,3660,3752,29,20,22,26,18,20,1.9,0.2,0.40,0.04,689,85,785,80,111,9,2773,1067,1249,570,73,27
"""4964340""","""Riverton""",14.01,39859.43,10629.08,8086.91,59,69,65,33,42,39,26,28,26,11.63,19.39,2.15,2,2,25464,22736,23390,1,1,1,16023,13787,14203,12290,10457,10777,3712,3313,3408,21,17,18,19,15,16,2.6,2.5,2.36,1.31,12975,89,16189,90,18,99,1229,1731,1770,582,90,10
"""4964560""","""Rockville""",0.02,26.20,9.42,5415.14,62,75,59,29,36,27,33,39,31,10.18,0.02,2.38,2,2,26649,24140,26243,1,1,1,16840,15717,16877,12950,12193,13046,3883,3518,3824,6,7,7,15,17,16,0.3,0.1,0.32,0.00,377,87,487,79,908,2,5402,1227,1443,703,71,29
"""4964590""","""Rocky Ridge""",0.01,18.61,4.30,1098.78,53,63,58,23,29,27,30,34,31,13.07,0.05,2.53,2,2,29527,26873,26294,1,1,1,18783,16809,16728,14461,12880,12883,4304,3916,3831,18,13,14,15,11,12,0.2,0.3,0.60,0.00,519,91,666,79,403,3,3807,1193,1308,645,83,17
"""4964670""","""Roosevelt""",2.32,4668.92,1482.29,3702.95,44,52,49,22,27,24,23,25,24,10.53,8.09,1.81,2,2,24045,21451,23440,1,0,0,13831,12044,13038,10316,8914,9617,3505,3126,3416,9,4,5,8,4,4,3.2,6.9,1.34,0.40,2245,65,4621,82,24,50,1965,1097,1234,842,64,36
"""4965110""","""Roy""",22.07,35449.67,11482.68,5015.57,46,53,51,22,28,27,24,25,25,9.84,25.28,2.00,2,2,23832,21294,21906,4,3,3,15070,12899,13283,11441,9655,9948,3474,3103,3192,154,141,143,139,128,129,3.9,5.0,3.33,2.29,12115,79,11503,87,9,166,908,1193,1233,690,81,19
"""4965240""","""Rush Valley""",0.03,29.35,10.30,11593.21,54,63,59,24,30,28,30,33,31,11.06,0.01,2.52,2,2,28220,25516,26181,1,1,1,18481,16540,16841,14362,12818,13022,4114,3718,3815,5,4,4,5,3,4,0.4,0.9,0.12,0.00,579,84,799,79,442,4,4581,1248,1393,633,81,19
"""4965330""","""St. George""",29.33,71736.81,24254.21,48848.83,55,65,51,29,36,27,26,29,24,9.44,12.55,1.80,2,2,22844,20326,22502,1,1,1,13161,11807,13140,9822,8836,9852,3329,2962,3279,10,9,8,25,23,21,3.5,4.5,2.34,0.50,6685,67,10013,86,25,54,1799,1216,1240,1005,65,35
"""4965770""","""Salem""",4.86,6259.34,1726.28,6461.25,57,67,62,29,37,34,28,31,28,11.71,8.01,2.32,2,2,27940,25263,24729,1,0,0,17337,15128,14979,13255,11440,11370,4073,3681,3603,9,6,6,8,6,5,1.7,0.1,0.95,0.27,3565,91,3465,86,20,50,1322,1514,1592,733,85,15
"""4965880""","""Salina""",0.69,828.73,339.74,3952.81,51,59,44,21,27,18,30,33,26,9.74,1.30,1.91,2,2,24406,21947,24133,1,1,1,13975,12200,14106,10392,8974,10563,3556,3199,3516,27,27,27,23,23,23,2.5,3.0,1.11,0.09,941,74,1092,79,31,31,2445,818,921,568,71,29
"""4967000""","""Salt Lake City""",141.48,192675.40,75918.92,71152.18,43,50,47,23,28,26,20,21,20,7.21,34.86,1.66,1,2,19138,16959,17436,11,11,11,12524,10667,10994,9454,7930,8182,2790,2471,2541,280,265,272,252,239,245,4.5,8.4,3.95,1.07,26316,49,58750,91,14,58,2537,1181,1343,848,48,52
"""4967400""","""Samak""",0.14,121.61,44.79,3016.25,36,44,59,17,22,29,19,22,29,11.29,0.17,2.40,2,2,27330,24646,26085,1,1,0,17660,16299,15849,13676,12706,12048,3984,3593,3801,0,0,0,74,30,23,1.2,0.7,0.61,0.01,788,92,1047,80,220,9,2554,1318,1455,1069,72,28
"""4967440""","""Sandy""",56.08,90176.69,28882.43,14979.12,53,62,58,30,38,35,24,25,24,9.75,24.04,1.96,2,2,22925,20397,20982,4,4,4,14620,12533,12910,11171,9459,9749,3342,2972,3057,107,101,104,97,91,94,4.2,5.8,3.59,1.93,20141,78,29660,90,10,164,1060,1562,1605,1004,76,24
"""4967660""","""Santa Clara""",2.86,5537.13,1699.86,3884.16,62,74,58,34,42,32,28,32,26,10.65,13.22,1.96,2,2,24352,21805,23983,1,1,1,14238,12821,14181,10683,9638,10681,3548,3177,3495,6,5,5,14,13,12,2.8,2.0,1.66,0.44,4243,93,3128,84,19,50,1725,1431,1276,1309,81,19
"""4967770""","""Santaquin""",5.01,6219.67,1582.95,6457.14,52,60,55,24,30,28,28,30,28,11.52,7.57,2.28,2,2,27554,24852,24308,1,0,0,17070,14952,14834,13043,11325,11287,4017,3621,3542,10,6,5,9,5,4,2.7,0.0,1.39,0.25,2736,79,1961,85,15,52,1332,1251,1285,919,80,20
"""4967825""","""Saratoga Springs""",5.46,15865.95,3831.47,13829.77,58,68,62,31,38,35,27,30,27,12.02,5.81,2.23,2,2,27806,25060,24502,0,0,0,16779,14698,14580,12723,11046,11009,4053,3652,3570,3,1,0,3,1,0,3.1,0.3,1.87,0.28,4803,75,4682,86,26,40,1412,1578,1548,1338,78,22
"""4967880""","""Scipio""",0.00,2.93,1.07,667.28,55,66,52,21,27,20,34,39,32,11.16,0.02,2.47,2,2,27279,24676,26299,2,1,2,17435,16190,17151,13432,12568,13289,3975,3596,3832,28,27,29,24,23,25,0.1,0.4,0.43,0.00,328,96,351,76,393,3,3775,920,974,569,86,14
"""4967990""","""Scofield""",0.00,3.60,1.31,590.26,71,84,63,36,45,31,35,39,31,11.39,0.03,2.34,2,2,25755,23040,26137,1,1,2,16509,14667,16831,12730,11286,12995,3753,3358,3808,26,23,28,22,19,24,0.1,0.5,0.60,0.00,350,82,440,77,407,4,4264,1406,1406,,92,8
"""4968650""","""Sigurd""",0.00,2.68,0.90,627.62,62,72,53,25,32,22,36,40,31,11.15,0.04,2.37,2,2,26506,23904,26140,2,2,2,16787,14937,16890,12893,11422,13048,3862,3484,3809,31,31,34,27,26,29,0.1,0.8,0.34,0.00,273,94,330,76,374,3,4423,981,1008,808,90,10
"""4969280""","""Silver Summit""",1.72,2930.72,992.83,10854.69,53,65,88,35,44,60,18,21,28,11.54,4.08,2.25,2,2,26486,23686,25199,2,1,1,16682,15079,14863,12821,11626,11191,3861,3453,3672,1,0,0,98,53,60,1.1,2.7,1.21,0.09,2538,90,3591,84,57,18,2496,2700,2722,319,86,14
"""4969640""","""Smithfield""",1.96,3174.05,917.35,3277.19,56,66,51,24,31,23,32,36,28,11.54,9.48,2.20,2,2,27031,24438,25090,0,0,0,15913,14335,14974,11972,10771,11315,3939,3561,3656,2,3,3,2,2,3,1.6,0.3,1.47,0.28,2983,88,2895,85,40,30,1678,1024,762,646,86,14
"""4969970""","""Snowville""",0.00,0.18,0.06,1000.47,45,53,51,17,21,20,29,33,31,10.50,0.00,2.50,2,2,26910,24501,25081,3,3,3,18289,16583,16835,14272,12924,13091,3923,3570,3655,94,89,90,85,81,81,0.4,1.2,0.07,0.00,230,75,287,75,2931,1,10953,888,972,775,57,43
"""4970190""","""Snyderville""",5.20,4818.99,1871.44,6894.97,44,53,72,28,35,48,16,18,25,9.54,8.01,2.03,2,2,24424,21616,23115,3,2,2,15141,13567,13380,11580,10415,10011,3560,3151,3368,1,1,1,147,92,121,3.9,4.2,1.05,0.27,3791,62,6604,85,53,37,2287,2170,2271,919,73,27
"""4970850""","""South Jordan""",18.68,58795.05,16486.08,14217.06,60,71,66,35,44,40,25,27,25,10.99,18.61,2.07,2,2,24306,21630,22259,3,3,3,15426,13293,13682,11804,10071,10365,3543,3152,3243,79,71,74,71,64,67,3.1,3.1,2.60,1.16,16246,78,23392,91,18,93,1326,1818,1886,1087,81,19
"""4970960""","""South Ogden""",9.77,14443.89,5296.65,2355.82,44,51,49,22,28,26,22,24,23,8.89,21.99,1.88,2,2,22653,20131,20739,4,3,3,14184,12102,12474,10725,9028,9309,3302,2933,3022,158,141,143,142,127,129,5.6,7.3,3.76,2.25,14307,63,19697,88,10,149,902,1171,1239,590,70,30
"""4971070""","""South Salt Lake""",16.97,24665.10,8686.52,4435.01,39,45,42,19,24,22,20,21,20,6.75,28.52,1.63,1,1,18530,16419,16871,12,12,12,12292,10484,10798,9289,7801,8043,2701,2392,2458,302,290,297,273,262,267,7.8,8.0,12.69,1.96,29166,38,64812,92,13,146,1035,978,1141,839,40,60
"""4971180""","""South Weber""",2.08,5233.66,1408.38,2967.82,56,66,63,31,39,37,25,27,26,11.43,6.72,2.15,2,2,25791,23146,23786,1,1,1,16026,13835,14216,12255,10452,10740,3760,3373,3466,12,10,10,11,9,9,2.1,4.5,1.74,0.47,8187,94,8405,86,20,49,1445,1643,1719,994,88,12
"""4971255""","""South Willard""",0.43,860.39,257.03,3729.19,53,61,59,26,32,31,27,29,28,11.59,0.87,2.28,2,2,27065,24495,25116,1,1,1,17004,14849,15214,13023,11243,11518,3945,3569,3660,36,37,36,33,33,33,1.9,0.2,0.86,0.07,2137,79,1771,83,80,19,2760,1375,1557,686,80,20
"""4971290""","""Spanish Fork""",19.50,32992.86,8752.32,9970.72,51,59,54,25,31,28,26,28,26,11.19,23.08,2.15,2,2,26383,23747,23245,1,1,1,16141,14028,13905,12279,10556,10507,3846,3460,3387,16,12,11,14,11,10,3.3,0.8,2.59,0.88,7032,80,6887,87,12,84,1404,1278,1264,943,76,24
"""4971455""","""Spanish Valley""",0.01,6.67,2.78,9133.18,64,76,50,25,31,19,39,44,31,0.00,0.00,2.27,2,2,26877,24510,25217,2,3,3,16331,14761,16437,12373,11140,12713,3916,3573,3674,41,49,50,35,42,42,0.5,1.4,0.09,0.00,210,77,250,74,1408,2,7787,868,989,631,66,34
"""4971730""","""Spring City""",0.02,17.08,6.62,903.71,56,68,53,24,31,23,32,37,30,9.82,0.07,2.25,2,2,26324,23785,25840,1,1,1,16088,14883,16140,12229,11393,12350,3836,3466,3765,23,24,25,20,21,21,1.1,0.3,0.43,0.01,383,90,428,77,146,8,2448,1025,1136,622,78,22
"""4971840""","""Springdale""",0.01,14.28,5.13,2950.04,62,75,59,29,36,27,33,39,31,10.18,0.02,2.38,2,2,26649,24140,26243,1,1,1,16840,15717,16877,12950,12193,13046,3883,3518,3824,6,7,7,15,17,16,0.3,0.1,0.32,0.00,377,87,487,79,908,2,5402,1227,1443,703,71,29
"""4972060""","""Spring Glen""",0.32,467.37,197.79,2178.00,53,61,46,23,28,20,30,33,27,9.74,2.13,1.94,2,2,24064,21466,24460,1,1,1,14063,12311,14402,10542,9171,10821,3506,3129,3564,15,11,16,13,9,14,2.1,0.4,1.16,0.09,1340,63,1085,81,57,16,3731,883,947,701,72,28
"""4972170""","""Spring Lake""",0.41,702.38,172.06,715.52,56,65,60,27,34,31,29,31,29,12.36,3.00,2.36,2,2,28799,26065,25511,0,0,0,17698,15573,15456,13501,11775,11738,4198,3798,3717,0,0,0,0,0,0,2.2,0.0,2.03,0.24,2806,94,2235,85,20,55,1075,1402,1417,1258,87,13
"""4972280""","""Springville""",20.80,27859.78,8078.77,9159.83,50,58,53,24,30,28,26,28,26,10.57,18.28,2.13,2,2,25948,23294,22794,1,1,1,15938,13865,13752,12138,10457,10418,3782,3394,3321,18,15,13,16,13,12,4.2,0.2,2.87,0.88,7972,64,9204,89,14,91,1328,1238,1300,836,67,33
"""4972720""","""Stansbury Park""",1.94,8763.83,2182.47,1488.28,55,64,60,29,36,33,26,28,27,12.09,19.80,2.15,2,2,26301,23640,24282,1,1,1,16119,13916,14313,12280,10468,10771,3834,3445,3538,5,4,4,5,3,4,2.2,2.3,2.27,1.47,4083,96,3271,84,15,141,1477,1495,1502,766,90,10
"""4972940""","""Sterling""",0.00,0.61,0.21,205.88,62,75,58,28,35,26,35,40,32,10.34,0.01,2.49,2,3,27041,24404,26482,1,1,1,17490,16292,17490,13530,12715,13608,3940,3556,3859,21,20,24,18,17,20,0.0,0.3,0.45,0.00,400,95,417,77,530,2,5340,1160,1190,944,88,12
"""4973050""","""Stockton""",0.02,57.09,15.46,1076.50,66,79,73,37,47,43,29,32,30,12.77,0.18,2.42,2,2,28535,25713,26413,0,0,0,17964,15934,16273,13803,12188,12424,4160,3747,3849,2,0,0,2,0,0,0.2,1.8,0.91,0.01,1601,92,1813,82,223,6,2104,1943,2064,788,91,9
"""4974040""","""Summit""",0.01,20.78,7.15,434.25,66,77,53,30,37,24,36,40,29,10.90,0.32,2.18,2,2,26653,24061,25526,1,1,1,15746,13910,15591,11838,10379,11844,3884,3507,3719,24,24,27,21,21,23,1.6,0.2,0.67,0.02,454,79,437,78,123,6,3784,1094,1157,823,81,19
"""4974095""","""Summit Park""",5.39,7018.08,2427.93,10091.10,51,62,84,34,42,57,17,20,26,11.17,4.29,2.15,2,2,25760,22829,24438,2,1,1,16038,14488,14262,12282,11160,10701,3755,3328,3561,1,0,0,108,58,73,2.3,3.5,2.82,0.24,3453,69,4261,84,82,24,2474,2569,2853,1073,82,18
"""4974480""","""Sunset""",4.03,5198.52,1725.31,935.32,41,47,45,18,22,21,23,25,24,9.28,20.81,1.97,2,2,22750,20383,20952,4,4,4,14637,12516,12891,11235,9463,9755,3316,2970,3053,86,83,83,78,75,75,5.9,4.2,3.51,1.84,13773,76,11906,88,7,152,900,949,1033,770,71,29
"""4974590""","""Sutherland""",0.00,0.51,0.21,1393.52,60,72,57,25,32,24,35,41,33,10.75,0.00,2.55,2,3,26893,24382,25950,2,2,2,17843,16740,17625,13886,13149,13805,3919,3553,3781,38,38,39,33,32,33,0.0,0.7,0.03,0.00,233,87,284,75,2435,1,9935,1086,1182,783,76,24
"""4974810""","""Syracuse""",5.63,18503.87,5112.51,6052.14,56,65,63,30,38,36,26,28,27,11.69,18.28,2.21,2,2,26187,23434,24101,0,0,0,16446,14219,14604,12623,10800,11088,3817,3415,3512,5,4,4,5,4,4,1.4,1.3,1.77,0.84,11255,95,10119,89,23,65,2832,1594,1614,1470,92,8
"""4974920""","""Tabiona""",0.00,0.08,0.03,65.40,51,60,56,21,27,24,30,33,32,9.52,0.00,2.48,2,2,26689,23869,25943,2,1,2,18106,16244,17086,14181,12739,13275,3890,3478,3780,34,27,31,29,23,26,0.1,0.7,0.14,0.00,394,73,460,77,1519,1,6423,1080,1076,1108,86,14
"""4975360""","""Taylorsville""",37.23,60461.81,19391.23,6945.14,45,53,49,24,29,27,22,24,23,9.06,28.57,1.87,2,2,21391,18968,19522,5,5,5,13902,11812,12208,10660,8932,9244,3118,2764,2845,124,116,120,112,105,108,5.1,7.0,5.24,2.79,26592,63,38685,90,11,187,1009,1218,1169,833,69,31
"""4975470""","""Teasdale""",0.00,2.45,1.00,2564.07,74,87,56,32,40,24,42,47,32,10.34,0.00,2.43,2,2,26083,23571,25958,2,2,2,17073,15300,17393,13230,11822,13566,3801,3436,3782,42,42,45,36,36,38,0.0,1.3,0.26,0.00,203,87,242,74,1665,1,7137,1078,1169,544,86,14
"""4975800""","""Thatcher""",0.03,34.04,10.99,7629.55,50,59,56,21,26,24,29,33,32,11.87,0.03,2.56,2,2,28458,25729,26391,2,1,1,18792,16816,17126,14589,13024,13235,4148,3749,3846,55,43,45,50,39,41,0.1,0.8,0.25,0.00,415,91,532,77,831,2,5795,1090,1175,536,87,13
"""4976180""","""Thompson Springs""",0.00,1.65,0.61,2036.96,74,87,57,37,47,29,36,40,29,9.99,0.00,2.11,2,2,23497,20783,24307,3,3,3,14954,13298,15514,11471,10215,11909,3424,3029,3542,59,54,64,51,46,54,0.9,1.2,0.30,0.00,210,41,253,74,1969,1,8072,1288,1507,489,78,22
"""4976280""","""Timber Lakes""",0.09,341.31,98.93,5743.62,64,77,76,37,47,46,27,30,30,12.26,1.21,2.41,2,2,29155,26315,26471,0,0,0,17992,15904,15985,13735,12068,12126,4250,3834,3857,6,2,2,5,1,1,1.2,0.7,1.54,0.02,1474,94,1658,82,169,5,4972,2071,2100,84,92,8
"""4976680""","""Tooele""",13.37,27896.30,9236.97,15427.38,46,53,49,21,26,24,24,26,25,10.02,16.38,2.03,2,2,24855,22241,22855,2,2,2,15225,13172,13523,11592,9924,10184,3623,3241,3330,10,8,8,9,7,8,2.2,3.2,2.01,0.60,6417,76,4887,85,19,55,1783,1092,1157,770,74,26
"""4976900""","""Toquerville""",0.22,389.62,115.58,11032.19,62,75,58,30,37,28,32,37,30,11.52,0.17,2.29,2,2,26711,24119,26247,1,1,1,16353,15116,16328,12453,11594,12496,3892,3514,3824,8,7,8,19,18,20,0.2,0.5,0.75,0.01,549,94,536,78,319,4,3374,1264,1313,1024,83,17
"""4977010""","""Torrey""",0.00,0.33,0.13,341.37,74,87,56,32,40,24,42,47,32,10.34,0.00,2.43,2,2,26083,23571,25958,2,2,2,17073,15300,17393,13230,11822,13566,3801,3436,3782,42,42,45,36,36,38,0.0,1.3,0.26,0.00,203,87,242,74,1665,1,7137,1078,1169,544,86,14
"""4977120""","""Tremonton""",4.57,6314.53,1937.01,5020.59,38,45,43,17,21,20,25,27,26,10.44,7.96,2.09,2,2,26305,23567,24231,0,0,0,15784,13796,14136,11945,10362,10605,3835,3434,3531,4,0,0,4,0,0,2.7,0.8,1.52,0.39,2452,71,3182,84,24,44,2535,878,976,373,75,25
"""4977230""","""Trenton""",0.27,307.13,94.42,5269.89,63,75,57,29,36,27,34,39,30,11.80,0.23,2.38,2,2,28459,25786,26439,0,0,0,17078,15735,16336,12925,11973,12476,4147,3757,3852,5,4,7,5,4,6,0.5,0.2,0.10,0.02,721,92,891,80,180,3,3972,1208,1286,638,86,14
"""4977560""","""Tropic""",0.01,12.72,4.20,5061.60,61,71,49,24,30,19,37,41,30,11.06,0.01,2.22,2,2,24816,22242,25284,2,2,2,15736,14052,16270,12077,10768,12541,3616,3242,3684,43,42,45,37,36,38,0.7,0.5,0.48,0.00,230,66,273,75,832,2,5284,853,968,453,78,22
"""4977697""","""Tselakai Dezza""",0.03,48.68,12.57,12798.77,69,81,52,28,35,22,41,45,31,11.15,0.01,2.35,2,2,27580,24884,25348,2,2,3,16829,15009,16504,12766,11338,12760,4019,3627,3694,44,44,51,37,37,43,0.3,1.6,0.09,0.00,202,69,231,74,373,5,3917,981,994,625,96,4
"""4977890""","""Uintah""",0.94,1446.82,453.69,790.48,48,56,53,24,30,29,24,25,25,10.24,7.76,1.99,2,2,24275,21631,22271,2,2,2,15005,12895,13267,11378,9666,9943,3539,3152,3245,88,77,79,80,70,71,3.4,6.4,1.38,0.57,10799,69,11428,86,17,56,1472,1296,1382,983,78,22
"""4980090""","""Vernal""",3.88,6125.95,2166.66,2958.53,41,48,48,19,24,23,22,24,24,9.92,12.09,1.93,2,2,25293,22584,23152,0,0,0,14714,12806,13082,11021,9514,9707,3687,3291,3374,6,1,1,5,1,1,4.3,5.1,2.02,0.73,3403,60,6165,84,21,84,1520,1055,1012,885,66,34
"""4980200""","""Vernon""",0.01,13.03,4.57,5148.35,54,63,59,24,30,28,30,33,31,11.06,0.01,2.52,2,2,28220,25516,26181,1,1,1,18481,16540,16841,14362,12818,13022,4114,3718,3815,5,4,4,5,3,4,0.4,0.9,0.12,0.00,579,84,799,79,442,4,4581,1248,1393,633,81,19
"""4980310""","""Veyo""",0.00,7.32,2.95,1324.11,68,82,64,33,42,31,34,40,32,9.13,0.02,2.48,2,2,27176,24505,26663,1,1,1,17479,16267,17427,13511,12689,13533,3960,3571,3885,8,7,9,19,18,21,0.0,0.3,0.97,0.00,391,95,451,78,1267,1,6962,1412,1448,1114,89,11
"""4980420""","""Vineyard""",0.57,1579.00,439.36,2897.93,55,65,59,28,35,32,27,30,27,11.86,1.80,2.27,2,2,26947,24248,23691,1,1,1,16914,14703,14521,12964,11154,11056,3928,3533,3452,22,15,12,20,14,11,2.6,2.7,2.46,0.15,8614,75,19183,90,50,29,1936,1454,1468,1375,85,15
"""4980530""","""Virgin""",0.40,772.67,246.76,10980.56,58,70,55,28,34,26,31,35,29,10.89,0.49,2.17,2,2,26317,23746,25876,1,1,1,15636,14390,15624,11794,10923,11847,3835,3460,3770,7,7,7,17,16,17,0.7,0.5,0.92,0.02,726,88,652,79,188,5,4063,1165,1215,1006,78,22
"""4980860""","""Wales""",0.00,3.71,1.15,253.84,59,71,55,26,33,24,33,39,31,11.18,0.05,2.35,2,2,26939,24271,26391,1,1,1,16745,15502,16736,12807,11953,12875,3925,3537,3845,13,12,16,11,11,13,0.3,0.4,0.44,0.00,594,93,660,79,243,5,3313,1095,1162,610,88,12
"""4980970""","""Wallsburg""",0.00,4.80,1.30,331.03,54,63,63,24,30,30,29,33,33,13.41,0.05,2.66,2,2,29891,26998,27157,0,0,0,19563,17469,17545,15204,13535,13588,4357,3934,3957,1,0,0,1,0,0,0.0,0.4,0.34,0.00,1261,99,1692,82,515,2,4098,1346,1352,1156,97,3
"""4981190""","""Wanship""",0.06,91.54,29.85,3233.01,42,50,67,22,28,38,19,22,30,11.36,0.12,2.44,2,2,27141,24424,25917,1,0,0,17877,16347,16035,13920,12787,12258,3956,3560,3776,0,0,0,59,23,26,0.5,1.6,0.14,0.01,1088,98,1597,81,175,6,3416,1689,1724,1497,85,15
"""4981960""","""Washington""",4.24,15525.08,5500.08,20698.38,51,61,48,26,33,25,27,31,26,10.17,7.84,1.90,2,2,24280,21710,23902,1,0,0,13885,12601,13894,10343,9434,10408,3538,3163,3483,4,3,3,10,8,8,2.7,2.3,2.35,0.27,4045,71,3795,83,46,29,1695,1105,1068,1083,68,32
"""4982070""","""Washington Terrace""",6.68,8150.05,3039.09,1293.89,37,43,41,17,22,21,22,23,23,8.38,27.06,1.84,2,2,21972,19481,20081,5,4,4,13927,11905,12266,10516,8880,9149,3203,2839,2926,209,187,191,188,169,172,5.1,6.2,3.81,2.35,14128,58,19717,88,10,190,923,924,1015,580,62,38
"""4982510""","""Wellington""",0.12,265.23,96.00,3272.01,56,66,50,25,31,22,31,34,28,10.87,0.47,2.03,2,2,24788,22154,25175,1,1,1,14662,12910,14992,11027,9661,11299,3612,3229,3668,22,20,24,19,17,21,1.6,1.6,0.81,0.03,875,68,849,79,157,7,3195,982,1077,663,78,22
"""4982620""","""Wellsville""",0.52,935.84,249.63,4652.73,63,75,57,30,38,28,33,38,29,12.63,1.28,2.29,2,2,28154,25455,26129,0,0,0,16567,15136,15753,12461,11425,11942,4102,3709,3807,3,3,4,3,2,3,0.6,1.1,0.84,0.05,1832,93,2423,83,115,10,2283,1266,1341,717,88,12
"""4982730""","""Wendover""",0.50,605.57,210.69,5715.91,31,35,33,10,12,11,21,23,22,9.07,2.09,1.70,2,2,22363,20082,20590,3,3,3,13004,11431,11628,9729,8491,8613,3260,2926,3000,15,14,15,14,12,13,1.5,1.9,0.49,0.04,485,19,537,77,34,8,7385,511,0,511,17,83
"""4982840""","""West Bountiful""",1.93,4376.97,1383.39,2065.90,52,60,58,28,34,33,24,26,25,10.69,14.38,2.05,2,2,24832,22209,22843,2,1,1,15351,13194,13573,11701,9929,10216,3620,3236,3329,30,29,29,27,26,26,3.0,4.9,2.27,0.67,11141,75,14330,88,19,60,1615,1465,1530,1098,81,19
"""4982930""","""West Haven""",3.13,11305.26,3408.20,6630.53,50,59,56,26,32,31,25,27,26,11.02,12.01,2.08,2,2,25321,22628,23280,2,2,2,15643,13537,13904,11852,10151,10421,3691,3297,3392,100,89,91,90,80,82,3.6,2.7,1.62,0.51,8350,70,9038,87,27,41,1649,1372,1443,1119,78,22
"""4982950""","""West Jordan""",48.90,107347.67,31204.03,20686.66,51,59,55,27,34,31,24,25,24,10.18,25.32,1.98,2,2,23026,20524,21102,5,5,5,14789,12661,13057,11302,9545,9855,3357,2991,3075,131,125,128,118,113,115,4.2,4.7,5.03,1.51,20037,74,23934,90,16,112,1314,1399,1489,956,76,24
"""4983252""","""West Mountain""",0.77,1119.24,324.81,6101.72,57,66,61,28,35,32,29,32,29,11.62,0.66,2.38,2,2,28800,26003,25413,0,0,0,17787,15683,15557,13582,11891,11853,4198,3789,3703,7,2,1,6,2,1,2.0,0.0,0.45,0.05,2396,75,2594,86,68,20,2189,1438,1466,518,82,18
"""4983390""","""West Point""",2.87,8520.13,2410.76,4458.72,56,65,62,30,37,35,26,28,27,11.63,10.79,2.21,2,2,26438,23687,24354,1,0,0,16476,14305,14678,12612,10845,11121,3854,3451,3549,11,9,9,9,8,8,1.4,1.5,1.42,0.54,8693,89,6843,87,34,40,1931,1581,1630,848,89,11
"""4983470""","""West Valley City""",63.54,134740.54,36524.60,22695.77,46,53,50,23,29,27,23,24,23,9.83,27.24,1.89,2,2,22103,19681,20234,5,5,5,14114,12038,12424,10762,9051,9353,3222,2868,2948,129,120,123,116,108,111,4.3,6.7,4.34,1.61,21110,67,34873,90,14,117,1255,1199,1178,1050,69,31
"""4983730""","""West Wood""",0.00,4.15,1.51,681.29,71,84,63,36,45,31,35,39,31,11.39,0.03,2.34,2,2,25755,23040,26137,1,1,2,16509,14667,16831,12730,11286,12995,3753,3358,3808,26,23,28,22,19,24,0.1,0.5,0.60,0.00,350,82,440,77,407,4,4264,1406,1406,,92,8
"""4984050""","""White City""",3.55,4499.06,1463.64,557.16,49,57,54,25,31,29,24,26,25,9.88,26.77,2.02,2,2,23503,20967,21549,3,3,3,15053,12889,13282,11546,9755,10062,3426,3055,3140,80,79,80,73,71,72,4.1,5.9,3.42,2.63,21027,96,29760,90,7,182,813,1300,1304,1093,83,17
"""4984095""","""White Mesa""",0.00,3.07,1.44,9994.51,58,68,45,19,24,15,39,44,30,8.71,0.00,2.28,2,2,26764,24282,24898,3,3,3,16332,14764,16379,12382,11171,12696,3900,3539,3628,50,54,55,43,46,47,0.4,1.5,0.20,0.00,198,62,234,74,2273,1,9044,653,749,425,70,30
"""4984160""","""Whiterocks""",0.01,23.26,6.48,1503.94,48,56,56,21,27,27,26,29,30,11.78,0.05,2.38,2,2,27709,24924,25477,3,2,2,17659,15729,15961,13570,12058,12208,4039,3632,3712,50,40,41,42,34,35,0.6,1.1,0.14,0.00,268,71,337,76,435,3,4615,1190,1240,908,85,15
"""4984710""","""Willard""",0.38,756.09,225.68,3591.48,53,61,59,26,32,31,27,29,28,11.60,0.85,2.28,2,2,27094,24522,25143,1,1,1,17029,14874,15238,13043,11264,11539,3950,3573,3664,36,37,36,32,33,32,1.7,0.2,0.94,0.06,2108,80,1760,83,84,17,2927,1372,1548,697,80,20
"""4984950""","""Wolf Creek""",0.01,37.05,14.77,2022.54,59,70,67,32,40,37,28,31,29,10.66,0.08,2.35,2,2,28004,25119,25821,1,1,1,17538,15568,15890,13405,11880,12094,4082,3660,3762,50,29,33,46,26,30,0.8,1.7,0.23,0.01,992,70,1218,80,338,6,2936,1681,1681,0,86,14
"""4985040""","""Woodland""",0.07,41.29,17.86,1320.03,37,44,60,18,23,31,19,22,29,10.44,0.14,2.33,2,2,26876,24468,25679,1,1,0,17196,15909,15395,13278,12342,11653,3918,3567,3742,0,0,0,67,35,22,2.1,0.6,0.23,0.01,737,95,986,80,179,10,2396,1393,1669,1065,54,46
"""4985050""","""Woodland Hills""",0.09,201.46,54.35,1619.93,66,78,72,36,45,42,30,33,30,12.16,0.41,2.49,2,2,29737,26954,26358,0,0,0,18548,16416,16291,14214,12488,12450,4335,3927,3841,0,0,0,0,0,0,0.7,0.2,0.43,0.03,1850,100,1782,83,54,20,1216,1871,1899,1426,94,6
"""4985260""","""Woodruff""",0.00,0.77,0.18,287.35,56,67,52,22,27,21,34,40,32,12.57,0.01,2.43,2,2,27635,25012,26083,1,1,1,17286,16125,17008,13237,12458,13182,4027,3645,3801,22,23,26,19,20,22,0.3,1.0,0.39,0.00,400,85,520,77,437,3,4844,925,988,608,84,16
"""4985370""","""Woods Cross""",5.03,8751.30,2697.86,2441.92,49,57,54,25,31,29,24,26,25,10.54,16.09,2.04,2,2,24324,21764,22382,3,3,3,15271,13094,13477,11666,9865,10158,3546,3171,3261,59,58,58,53,52,52,3.5,5.3,2.75,1.10,12616,82,17959,89,13,100,1176,1316,1282,926,84,16
